{"version":4,"geometry":{"hull":{"position":[0.94795,0.35338,-3.20344,-0.94796,0.35338,-3.20344,-0.94796,0.72532,-2.7881,0.94795,0.72532,-2.7881,0.94795,-0.01388,-2.84744,0.66389,-0.01322,-2.84744,-0.66389,-0.01322,-2.84744,-0.94796,0.72532,-2.23036,0.94795,0.72532,-2.23036,-0.94796,-0.01322,-2.84744,-0.94796,0.28794,-2.23036,-0.66389,-0.1274,-2.91864,-0.94796,-0.1274,-2.91864,0.94795,0.28794,-2.23036,1.31557,0.28794,-2.23036,0.9441,0.72465,-2.16509,0.94795,-0.42255,-2.3787,0.66389,-0.42255,-2.44397,-0.66389,-0.42255,-2.44397,0.66389,-0.1274,-2.91864,0.66389,-0.52138,-2.5211,0.66389,-0.52138,-2.7169,0.66389,-0.42255,-2.3787,-0.66389,-0.42255,-2.38463,-0.66389,-0.36379,-2.89491,-0.66389,-0.52138,-2.5211,-0.66389,-0.52872,-2.66944,-0.66389,-0.47664,-2.8059,0.94795,-0.52071,-2.5211,0.94795,-0.52071,-2.7169,0.94795,-0.44191,-2.83557,0.94795,-0.32038,-2.91864,0.94795,-0.1274,-2.91864,0.66389,-0.44191,-2.8415,0.66389,-0.32038,-2.91864,-0.94796,-0.47664,-2.8059,-0.94796,-0.52872,-2.66944,-0.94796,-0.52071,-2.5211,-0.94796,-0.36379,-2.89491,-0.94796,-0.42255,-2.38463,0.94795,0.28794,2.20191,0.94795,-0.0219,2.73591,0.94795,-0.1855,2.74778,0.94795,-0.42255,2.33244,0.94795,0.72532,-0.13586,0.94795,0.72532,1.44243,1.31557,0.28794,2.20191,-0.94796,-0.42255,2.33244,-0.94796,-0.0219,2.73591,-0.94796,0.28794,2.20191,-0.94796,-0.1855,2.74778,-0.94796,0.72532,1.44243,-0.94796,0.72532,-0.1418,-1.31557,0.28794,-2.23036,-1.31557,0.28794,2.20191,-0.9441,0.72532,-2.16509,-0.0135,0.57775,1.69756,-0.0135,0.33736,2.1129,0.29242,0.4649,1.89337,0.28471,0.31933,2.14257,0.29627,0.47558,2.0951,0.39525,0.55504,2.0595,0.40939,0.54903,1.74503,0.3554,0.29595,2.1841,0.54049,0.58309,1.6857,-0.51736,0.33736,2.1129,-0.51736,0.57775,1.69756,0.786,0.4649,1.89337,0.70116,0.29595,2.1841,0.79114,0.31933,2.14257,0.77957,0.47558,2.0951,0.68188,0.55504,2.0595,0.53792,0.58442,2.04764,0.67032,0.54903,1.74503,0.94795,-0.11071,2.86645,-0.94796,-0.11071,2.86645,-0.80785,0.83817,-1.90996,-0.82456,0.83617,-0.3198,-0.59962,0.83617,-0.3198,-0.30399,0.83817,-0.50967,-0.86441,0.81881,-0.26047,-0.85413,0.82482,-2.05236,0.80785,0.83817,-1.90996,0.30784,0.83817,-0.50374,0.59962,0.83617,-0.3198,0.82456,0.83617,-0.3198,0.85412,0.82482,-2.05236,0.86826,0.81881,-0.25453,0.32455,0.72532,-0.38507,0.63561,0.72532,-0.13586,0.59962,0.81881,-0.25453,0.29885,0.80946,-0.4444,-0.29885,0.80946,-0.4444,-0.32841,0.72532,-0.38507,0.00193,0.72532,-0.14773,-0.64204,0.72532,-0.12993,-0.49294,0.72532,0.05994,0.49551,0.72532,0.05994,-0.59962,0.81881,-0.25453,-0.69731,0.72532,0.55241,0.49551,0.72532,1.05082,0.70116,0.72532,0.55241,-0.49294,0.72532,1.05082,0.00193,0.72532,1.25256,-0.3387,0.72532,1.44243,0.35283,0.66723,1.5433,-0.3387,0.66656,1.5433,-0.33998,0.72532,1.5433,0.35155,0.72532,1.5433,0.35283,0.72532,1.44243],"index":[80,81,55,80,55,52,76,81,80,76,80,77,84,85,82,84,82,83,78,79,76,78,76,77,75,74,41,75,41,48,40,49,48,40,48,41,40,68,63,40,63,49,55,15,8,55,8,7,82,86,81,82,81,76,88,89,90,88,90,91,55,81,86,55,86,15,15,86,87,15,87,44,87,86,82,87,82,85,79,83,82,79,82,76,74,42,41,74,41,41,40,69,68,40,68,68,69,40,67,69,67,70,71,72,63,71,63,68,68,69,70,68,70,71,49,65,66,49,66,51,54,49,51,54,51,51,45,67,40,45,40,46,50,47,43,50,43,42,74,75,50,74,50,42,48,50,75,48,75,75,67,73,71,67,71,70,72,61,63,72,63,63,72,64,62,72,62,61,72,71,73,72,73,64,84,83,91,84,91,90,99,52,51,99,51,102,45,105,56,45,56,64,105,106,56,105,56,56,102,100,99,102,99,99,100,102,103,100,103,45,51,104,103,51,103,102,96,99,100,96,100,94,104,51,106,104,106,107,103,104,109,103,109,45,45,64,73,45,73,67,105,45,109,105,109,108,56,106,51,56,51,66,108,109,104,108,104,107,108,107,106,108,106,105,97,101,44,97,44,89,93,94,88,93,88,88,93,95,96,93,96,94,88,94,97,88,97,89,79,92,91,79,91,83,87,90,89,87,89,44,90,87,85,90,85,84,92,93,88,92,88,91,99,96,95,99,95,52,100,101,97,100,97,94,45,44,101,45,101,100,77,80,98,77,98,78,93,92,98,93,98,95,78,98,92,78,92,79,95,98,80,95,80,52,33,30,29,33,29,21,29,28,20,29,20,21,22,20,28,22,28,16,31,32,4,31,4,30,25,18,23,25,23,23,28,29,4,28,4,16,29,30,4,29,4,4,19,34,33,19,33,21,36,37,9,36,9,35,38,35,9,38,9,12,30,33,34,30,34,31,20,22,17,20,17,17,32,19,5,32,5,4,31,34,19,31,19,32,26,27,24,26,24,25,1,6,9,1,9,10,11,12,9,11,9,6,10,7,2,10,2,1,7,8,3,7,3,2,2,3,0,2,0,1,4,5,1,4,1,0,1,5,6,1,6,6,5,19,17,5,17,17,19,21,20,19,20,17,17,22,23,17,23,18,17,18,6,17,6,5,3,8,13,3,13,0,14,13,8,14,8,15,13,16,4,13,4,0,24,38,12,24,12,11,55,53,52,55,52,52,7,10,53,7,53,55,56,57,58,56,58,58,49,54,53,49,53,10,50,48,39,50,39,47,39,23,47,39,47,47,53,54,51,53,51,52,56,66,65,56,65,57,57,65,49,57,49,59,49,63,59,49,59,59,56,58,62,56,62,64,58,57,59,58,59,60,61,62,58,61,58,60,60,59,63,60,63,61,39,48,49,39,49,10,37,36,26,37,26,25,23,39,37,23,37,25,9,37,39,9,39,10,36,35,27,36,27,26,27,35,38,27,38,24,11,6,18,11,18,18,25,24,11,25,11,18,14,46,40,14,40,13,15,44,14,15,14,14,22,43,47,22,47,23,45,46,14,45,14,44,40,41,16,40,16,13,42,43,16,42,16,41,16,43,22,16,22,22],"groups":[{"start":0,"count":708,"material":0}],"materials":[{"type":"armor","value":37}]},"chassis":{"position":[-1.49565,0.84479,-2.79332,-0.99467,0.84479,-2.79332,-0.99467,0.70059,-2.9066,-1.49565,0.70059,-2.9066,-1.49565,0.89633,-2.62341,-0.99467,0.89633,-2.62341,-1.49565,0.43771,-2.87262,-1.49565,0.30674,-2.74801,-0.99467,0.43771,-2.87262,-0.99467,0.30674,-2.74801,-0.99467,0.00367,-1.94943,-0.99467,0.13889,-2.47616,-0.99467,0.90011,1.90187,-0.99467,0.00083,1.94152,-1.49565,0.90011,1.90187,-1.49565,0.13889,-2.47616,-1.49565,0.00367,-1.94943,-1.49565,0.00083,1.94152,-0.99467,0.96867,2.65514,-0.99467,0.34031,2.66647,-1.49565,0.96867,2.65514,-1.49565,0.34031,2.66647,-0.99467,0.59752,2.88735,-1.49565,0.59752,2.88735,-1.49565,0.88404,2.81939,-0.99467,0.88404,2.81939,1.49565,0.84479,-2.79332,1.49565,0.70059,-2.9066,0.99467,0.70059,-2.9066,0.99467,0.84479,-2.79332,0.99467,0.89633,-2.62341,1.49565,0.89633,-2.62341,1.49565,0.43771,-2.87262,1.49565,0.30674,-2.74801,0.99467,0.43771,-2.87262,0.99467,0.30674,-2.74801,0.99467,0.90011,1.90187,0.99467,0.13889,-2.47616,0.99467,0.00367,-1.94943,0.99467,0.00083,1.94152,1.49565,0.90011,1.90187,1.49565,0.00083,1.94152,1.49565,0.00367,-1.94943,1.49565,0.13889,-2.47616,0.99467,0.34031,2.66647,0.99467,0.96867,2.65514,1.49565,0.96867,2.65514,1.49565,0.34031,2.66647,0.99467,0.59752,2.88735,1.49565,0.59752,2.88735,1.49565,0.88404,2.81939,0.99467,0.88404,2.81939],"index":[12,18,19,12,19,13,14,20,18,14,18,12,19,21,17,19,17,13,17,16,10,17,10,13,10,16,15,10,15,11,9,11,15,9,15,7,25,24,23,25,23,22,24,25,18,24,18,20,25,22,19,25,19,18,21,20,14,21,14,17,22,23,21,22,21,19,21,23,24,21,24,20,7,15,14,7,14,4,3,6,0,3,0,0,8,6,3,8,3,2,6,8,9,6,9,7,2,3,0,2,0,1,4,5,1,4,1,0,6,7,4,6,4,0,12,11,9,12,9,5,4,14,12,4,12,5,16,17,14,16,14,15,5,9,8,5,8,1,2,1,8,2,8,8,12,13,10,12,10,11,44,45,36,44,36,39,45,46,40,45,40,36,41,47,44,41,44,39,38,42,41,38,41,39,43,42,38,43,38,37,43,37,35,43,35,33,49,50,51,49,51,48,45,51,50,45,50,46,44,48,51,44,51,45,40,46,47,40,47,41,47,49,48,47,48,44,50,49,47,50,47,46,40,43,33,40,33,31,27,26,32,27,32,32,27,32,34,27,34,28,35,34,32,35,32,33,28,29,26,28,26,27,29,30,31,29,31,26,31,33,32,31,32,26,35,37,36,35,36,30,36,40,31,36,31,30,42,43,40,42,40,41,34,35,30,34,30,29,28,34,29,28,29,29,38,39,36,38,36,37],"groups":[{"start":0,"count":150,"material":0},{"start":150,"count":150,"material":0}],"materials":[{"type":"track","value":20}]},