{"version":4,"geometry":{"hull":{"position":[-1.57745,0.25815,-0.07865,1.57247,0.25815,-0.07865,0.99912,-0.65805,-3.1033,0.99912,0.11528,-4.54004,0.99981,0.23016,3.92021,0.99912,-0.65804,3.2513,0.99912,0.03138,-4.48042,0.99981,0.10423,4.16763,0.99912,0.05507,4.10866,-1.0039,0.23016,3.92021,-1.00325,0.03176,-4.48113,-1.00325,-0.65805,-3.1033,-1.00325,-0.65804,3.2513,-1.00368,0.05507,4.10866,-1.0039,0.10423,4.16763,-1.57745,0.69258,-0.00351,-1.57745,0.69314,-3.7946,-1.57745,0.16036,-3.7946,-1.57745,0.69293,2.84858,-1.57745,0.23016,3.92021,-1.57745,0.56457,3.26315,-1.57745,0.64488,3.06475,-1.57745,0.11417,-3.7946,-1.00325,0.11528,-4.54004,1.57247,0.69314,-3.7946,1.57247,0.69279,-0.00352,1.57247,0.16036,-3.7946,1.57247,0.69292,2.84853,1.57247,0.23016,3.92021,1.57247,0.64488,3.06475,1.57247,0.56456,3.26315,1.57247,0.11417,-3.7946,-1.94162,0.4945,-1.91445,-1.73553,0.61206,-1.91445,-1.57745,0.1797,-1.91445,-2.10103,0.3276,-1.91445,-1.57745,0.69308,-1.91445,-2.17911,0.09831,-1.91445,-1.94162,0.4945,-1.63159,-2.10103,0.32761,-1.63159,-1.57745,0.1797,-1.63159,-1.73552,0.61206,-1.63159,-1.57745,0.69307,-1.63159,-2.1791,0.09831,-1.63159,-1.94164,0.49446,-3.67113,-1.73556,0.61203,-3.67113,-1.57745,0.12159,-3.67113,-2.10106,0.32758,-3.67113,-1.57745,0.69314,-3.67113,-2.17967,0.09672,-3.67113,1.57247,0.12159,-3.67113,1.94164,0.49446,-3.67113,2.10106,0.32758,-3.67113,2.17117,0.12168,-3.67113,1.73556,0.61203,-3.67113,1.57247,0.69314,-3.67113,1.94162,0.4945,-1.91445,2.10103,0.3276,-1.91445,1.57247,0.1797,-1.91445,1.73553,0.61206,-1.91445,1.57247,0.69308,-1.91445,2.17063,0.12321,-1.91445,1.94159,0.49455,0.62469,2.10099,0.32763,0.62469,1.57247,0.26366,0.62469,1.73548,0.61211,0.62469,2.16921,0.12574,0.62469,1.57247,0.69299,0.62469,1.94159,0.49456,0.87596,1.73548,0.61211,0.87596,1.57247,0.26662,0.87596,2.10099,0.32763,0.87596,2.16901,0.12588,0.87596,1.57247,0.69298,0.87596,1.94162,0.4945,-1.63159,1.73552,0.61206,-1.63159,1.57247,0.19026,-1.63159,2.10103,0.32761,-1.63159,1.57247,0.69307,-1.63159,2.17053,0.1235,-1.63159,-1.94159,0.49455,0.62469,-1.73548,0.61211,0.62469,-1.57745,0.26366,0.62469,-2.10099,0.32763,0.62469,-2.1774,0.10103,0.62469,-1.57745,0.693,0.62469,-1.57745,0.26662,0.87596,-1.73548,0.61211,0.87596,-1.94159,0.49456,0.87596,-2.10098,0.32763,0.87596,-2.17719,0.10117,0.87596,-1.57745,0.69299,0.87596,-1.0039,0.23016,3.9202,-1.57745,0.23016,3.9202,-1.57745,0.10423,4.16761,-1.0039,0.10423,4.16763,-1.57751,0.05972,4.11708,-1.0039,0.05139,4.10608,0.99981,0.23016,3.9202,0.99981,0.10423,4.16763,1.57248,0.10423,4.16764,1.57247,0.23016,3.9202,0.99981,0.05513,4.10873,1.57247,0.05086,4.10728,2.10159,0.32753,2.86683,1.94233,0.49452,2.86683,1.73572,0.61215,2.8619,1.73357,0.56874,3.06923,-2.10159,0.32753,2.86683,-1.94233,0.49452,2.86683,-1.94233,0.46305,3.06059,-2.10589,0.30334,3.04331,-1.73572,0.61215,2.8619,-1.73357,0.56874,3.06923,1.73357,0.47729,3.32715,-1.73357,0.47729,3.32715,-1.94663,0.39214,3.30494,-2.04778,0.05849,4.02318,-1.82611,0.08963,4.12438,-2.11235,0.25861,3.24323,-2.14248,0.01144,3.88867,-2.20274,-0.0661,3.63691,2.14248,0.01144,3.88867,2.11235,0.25861,3.24323,1.94663,0.39214,3.30494,2.04778,0.05849,4.02318,2.20274,-0.0661,3.63691,2.10589,0.30334,3.04331,1.94233,0.46305,3.06059,1.82611,0.08963,4.12438,2.24474,-0.09439,-3.62198,2.10106,0.32758,-3.7946,2.24161,-0.09732,3.03076,2.16833,0.14214,-3.7946,2.2094,0.02694,-3.77333,2.23901,-0.06687,-3.69629,1.94164,0.49446,-3.7946,1.73556,0.61202,-3.7946,1.57247,0.69279,-0.00352,1.57247,0.69314,-3.7946,1.57247,0.69292,2.84853,1.57247,0.64488,3.06475,-2.24474,-0.09439,-3.62198,-2.24161,-0.09732,3.03076,-2.10106,0.32758,-3.7946,-2.16832,0.14214,-3.7946,-2.2094,0.02694,-3.77333,-2.23901,-0.06687,-3.69629,-1.94164,0.49446,-3.7946,-1.73556,0.61202,-3.7946,-1.57745,0.69258,-0.00351,-1.57745,0.69314,-3.7946,-1.57745,0.69293,2.84858,-1.57745,0.64488,3.06475,1.57247,0.56456,3.26315,1.57247,0.23016,3.92021,-1.57745,0.23016,3.92021,-1.57745,0.56457,3.26315,-1.57745,0.10423,4.16761,-1.82583,0.03754,4.06316,-2.0524,-0.00524,3.96547,-1.57752,0.05972,4.11708,-2.16353,-0.11311,3.60458,-2.12533,-0.05176,3.82753,2.12533,-0.05176,3.82753,2.16353,-0.11311,3.60458,2.0524,-0.00524,3.96547,1.57248,0.10423,4.16764,1.82583,0.03754,4.06316,1.57247,0.05086,4.10728,-1.57745,0.72146,2.87556,-0.73419,0.72146,2.87556,1.57247,0.72146,2.87556,-0.38335,0.72146,2.87556,0.99981,0.23016,3.9202,1.57247,0.56456,3.26315,-1.57745,0.56457,3.26315,-1.0039,0.23016,3.9202,-1.57745,0.23016,3.9202,1.57247,0.23016,3.9202,-0.38289,0.69296,2.94578,1.57247,0.64488,3.06475,0.99912,0.05507,4.10866,-1.00368,0.05507,4.10866,-1.00325,-0.65804,3.2513,0.99912,-0.65804,3.2513,0.99981,0.10423,4.16763,-1.0039,0.10423,4.16763,-0.73353,0.69296,2.94578,-1.57745,0.64488,3.06475,-1.57745,0.69293,2.84858,-0.73353,0.69293,2.84858,1.57247,0.69292,2.84853,-0.38289,0.69293,2.84858,-0.73353,0.69293,2.84858,-0.38289,0.69293,2.84858,-1.57745,0.69258,-0.00351,-1.57745,0.69293,2.84858,1.57247,0.69292,2.84853,1.57247,0.69279,-0.00352,-0.73353,0.69296,2.94578,-0.38289,0.69296,2.94578,-1.57745,0.69258,-0.00351,-0.95616,1.09434,-0.29489,-1.39366,1.73307,-0.75866,-0.95633,1.28877,-0.43609,-0.90294,1.41717,-0.5295,-0.40297,0.97107,-0.20525,-0.34611,0.82851,-0.10199,-0.60106,1.2891,-0.43664,-0.60106,1.09285,-0.2939,-0.65383,1.41636,-0.52906,-0.40297,2.01217,-0.96182,-0.99391,2.01217,-0.96182,1.57247,0.69279,-0.00352,1.38906,1.73307,-0.75866,0.39782,0.97107,-0.20525,0.34096,0.82851,-0.10199,0.98906,2.01217,-0.96182,0.39782,2.01217,-0.96182,0.39782,0.97107,-0.20525,-0.40297,0.97107,-0.20525,-0.34611,0.82851,-0.10199,0.34096,0.82851,-0.10199,-0.95616,1.09434,-0.29489,-0.60106,1.09285,-0.2939,-0.60106,1.2891,-0.43664,-0.95633,1.28877,-0.43609,-0.40297,2.01217,-0.96182,0.39782,2.01217,-0.96182,-0.90294,1.41717,-0.5295,-0.65383,1.41636,-0.52906,-1.00893,0.69314,-4.54004,-1.00304,0.14075,-4.54004,1.00307,0.69314,-4.54004,0.99914,0.14075,-4.54004,-1.57745,0.69314,-3.7946,-1.57745,0.16036,-3.7946,-1.57745,0.11417,-3.7946,-1.00325,0.11528,-4.54004,0.99912,0.11528,-4.54004,1.57247,0.69314,-3.7946,1.57247,0.16036,-3.7946,1.57247,0.11417,-3.7946,1.38906,1.73307,-3.7946,1.38906,1.73307,-0.75866,1.57247,0.69279,-0.00352,0.98906,2.01217,-2.74926,0.98906,2.01217,-0.96182,0.39782,2.01217,-2.06787,0.39782,2.01217,-0.96182,-0.99391,2.01217,-0.96182,-0.40297,2.01217,-0.96182,-0.40297,2.01217,-2.06787,-0.99391,2.01217,-2.74926,-1.57745,0.69258,-0.00351,-1.39366,1.73307,-0.75866,-1.39366,1.73307,-3.7946,-0.94243,1.03252,-4.54004,0.93745,1.03252,-4.54004,-1.00325,0.11528,-4.54004,0.99912,0.11528,-4.54004,0.99912,0.03138,-4.48042,-1.00325,0.03176,-4.48113,-1.00325,-0.65805,-3.1033,0.99912,-0.65805,-3.1033,-0.9508,-0.43237,-0.0776,0.94679,-0.43237,-0.0776,0.94679,-0.43237,-3.46932,-0.9508,-0.43237,-3.46932,-0.9508,0.26428,-0.0776,0.94679,0.26428,-0.0776,-0.9508,0.14074,-4.50892,0.94679,0.14074,-4.50892,1.57247,0.25815,-0.07865,0.99929,0.14075,-4.54004,1.57247,0.16036,-3.7946,-1.0035,0.14075,-4.54004,-1.57745,0.25815,-0.07865,-1.57745,0.16036,-3.7946,-1.57745,0.69258,-0.00351,1.57247,0.69279,-0.00352,-1.00325,-0.65804,3.2513,-1.00325,-0.65805,-3.1033,0.99912,-0.65805,-3.1033,0.99912,-0.65804,3.2513,-1.0039,0.23016,3.9202,-1.57745,0.23016,3.9202,-1.57745,0.11417,-3.7946,-1.00325,0.11528,-4.54004,1.57247,0.11417,-3.7946,1.57247,0.23016,3.9202,0.99981,0.23016,3.9202,0.99912,0.11528,-4.54004],