{"version":4,"geometry":{"hull":{"position":[0.19893,0.64725,-1.95694,-0.31833,0.64725,-1.96131,-0.3187,1.0103,-1.14468,0.19543,1.00913,-1.14549,-0.31755,0.49249,-1.8294,0.19692,0.49249,-1.83097,0.19671,1.14431,-0.85834,0.19671,0.79365,-0.702,0.19738,1.45449,0.31242,0.1959,0.57451,0.85367,0.19738,1.45222,0.5498,0.19738,1.0472,0.85481,0.19738,1.54123,0.346,0.19738,1.54892,0.52466,-0.32034,1.45313,0.5498,-0.32034,1.45449,0.31242,-0.3188,0.57526,0.85309,-0.31854,1.0472,0.85369,-0.32034,1.54892,0.52466,-0.32034,1.54123,0.346,-0.31939,0.79365,-0.702,-0.31939,1.14431,-0.85834,-0.6705,0.26308,1.2828,0.34044,-0.01631,1.95941,0.67067,-0.01669,1.96034,0.67006,0.26308,1.2828,-0.67065,-0.01669,1.96034,-0.34044,-0.01631,1.95941,-0.67064,0.38001,1.00015,0.67006,0.38001,1.00015,1.0107,0.72918,1.50308,1.00971,0.26308,1.50254,-1.0107,0.72918,1.50308,-1.00971,0.26308,1.50236,0.43598,0.9331,1.41145,-0.43598,0.9331,1.41145,1.0107,2.02646,0.90954,1.00966,0.26308,-0.48393,1.0107,2.02646,-0.4798,0.67006,0.26308,1.2828,0.67066,0.26308,-0.48393,-1.0107,2.02646,0.90954,-1.0107,2.02232,-0.48393,-1.0099,0.26308,-0.48393,-0.67156,0.26277,-0.48393,-0.6705,0.26308,1.2828,0.46577,2.02646,0.90954,0.2429,1.75627,1.03357,0.2429,0.9331,1.41145,0.2429,2.02646,0.90954,-0.28308,1.11864,1.32628,-0.28308,2.02646,0.90954,-0.46577,2.02646,0.90954,0.67064,0.72919,1.50308,-0.67064,0.72919,1.50308,0.67064,0.26308,1.5025,-0.67064,0.26308,1.5025,-0.28308,0.9331,1.41145,-0.51469,-0.08823,-1.89717,-0.67065,-0.08823,-1.89717,0.51471,-0.08823,-1.89717,0.67066,-0.08823,-1.89717,-0.67156,0.21565,-1.89717,-0.67065,-0.34061,-1.6422,-0.51446,-0.34061,-1.64219,0.51446,-0.34061,-1.64219,0.67066,-0.34061,-1.64219,0.67158,0.21565,-1.89717,-0.63132,0.47012,-1.89717,0.63134,0.47012,-1.89717,-0.67064,0.72919,0.9382,0.67064,0.72919,0.93819,-0.67064,0.38001,1.00015,-0.67064,0.72919,1.50308,-0.67064,0.26308,1.5025,-0.6705,0.26308,1.2828,0.67064,0.72919,1.50308,0.67006,0.38001,1.00015,0.67064,0.26308,1.5025,0.67006,0.26308,1.2828,-0.28308,1.11864,1.32628,-0.28308,0.9331,1.41145,0.2429,0.9331,1.41145,0.2429,1.75627,1.03357,-0.28308,2.02646,0.90954,0.2429,2.02646,0.90954,-0.46181,-0.14075,2.08277,-0.49789,-0.29944,2.07441,-0.41322,-0.40614,2.00906,0.41326,-0.40614,2.00906,0.48686,-0.31383,2.08118,0.46184,-0.14075,2.08277,-0.66877,-0.14075,2.08277,-0.66877,-0.25698,2.097,-0.66877,-0.36476,2.0512,-0.67065,-0.43615,1.95721,-0.33675,-0.43615,1.95721,-0.34044,-0.01631,1.95941,-0.67065,-0.01669,1.96034,0.34044,-0.01631,1.95941,0.33675,-0.43615,1.95721,0.66882,-0.31389,2.08119,0.66882,-0.14075,2.08277,0.66882,-0.40614,2.00906,0.67065,-0.43615,1.95721,0.67067,-0.01669,1.96034,0.67065,-0.43615,1.95721,0.67066,-0.43616,-1.16569,0.67066,0.26308,-0.48393,0.67006,0.26308,1.2828,0.67158,0.21565,-1.89717,0.67066,-0.34061,-1.64219,-0.67156,0.26277,-0.48393,-0.67065,-0.43616,-1.16569,-0.67065,-0.43615,1.95721,-0.6705,0.26308,1.2828,-0.67156,0.21565,-1.89717,-0.67065,-0.34061,-1.6422,-0.67065,-0.01669,1.96035,-0.66877,-0.14075,2.08277,-0.66877,-0.36476,2.0512,-0.66877,-0.25698,2.097,0.67067,-0.01669,1.96034,0.66882,-0.14075,2.08277,0.66882,-0.31389,2.08119,0.66882,-0.40614,2.00906,0.67158,0.21565,-1.89717,0.63134,0.47012,-1.89717,0.606,0.63044,-0.56873,0.67066,0.26308,-0.48393,-0.67156,0.21565,-1.89717,-0.67156,0.26277,-0.48393,-0.60597,0.63044,-0.56873,-0.63132,0.47012,-1.89717,-0.60597,0.63044,-0.56873,0.606,0.63044,-0.56873,0.63134,0.47012,-1.89717,-0.63132,0.47012,-1.89717,-0.67065,-0.43615,1.95721,-0.67065,-0.43616,-1.16569,-0.33675,-0.43615,1.95721,0.67066,-0.43616,-1.16569,0.33675,-0.43615,1.95721,0.67065,-0.43615,1.95721,-0.67065,-0.34061,-1.6422,-0.51446,-0.34061,-1.64219,0.51446,-0.34061,-1.64219,0.67066,-0.34061,-1.64219],"index":[16,17,14,16,14,15,12,13,10,12,10,8,14,18,19,14,19,15,4,20,21,4,21,2,15,21,20,15,20,16,10,11,9,10,9,8,2,1,4,2,4,4,2,3,0,2,0,1,6,7,5,6,5,3,6,8,9,6,9,7,5,0,3,5,3,3,25,29,28,25,28,22,27,23,22,27,22,26,24,25,22,24,22,23,30,53,55,30,55,31,55,39,31,55,31,31,41,32,54,41,54,54,53,30,36,53,36,36,41,54,35,41,35,52,48,57,54,48,54,34,57,50,35,57,35,54,53,34,54,53,54,54,33,56,54,33,54,32,56,33,45,56,45,45,41,42,43,41,43,32,33,32,43,33,43,43,31,39,40,31,40,37,37,38,36,37,36,30,31,37,30,31,30,30,50,51,52,50,52,35,34,53,36,34,36,46,46,49,47,46,47,47,44,45,33,44,33,43,47,48,34,47,34,46,66,61,67,66,67,67,66,65,60,66,60,61,68,69,67,68,67,62,62,67,61,62,61,60,58,64,63,58,63,59,58,59,62,58,62,60,65,64,58,65,58,60,62,59,63,62,63,63,72,77,71,72,71,70,77,78,76,77,76,71,77,79,78,77,78,78,73,74,72,73,72,70,74,75,72,74,72,72,76,73,70,76,70,71,85,84,83,85,83,83,83,84,80,83,80,82,80,81,82,80,82,82,103,101,90,103,90,89,90,101,102,90,102,91,89,90,91,89,91,91,91,102,105,91,105,99,100,89,91,100,91,99,104,103,89,104,89,100,86,88,96,86,96,97,94,88,87,94,87,93,87,86,92,87,92,93,86,87,88,86,88,88,96,100,99,96,99,97,86,97,98,86,98,92,88,94,95,88,95,96,122,106,109,122,109,109,114,120,121,114,121,119,124,125,106,124,106,106,123,124,106,123,106,122,118,115,114,118,114,119,107,111,110,107,110,108,108,109,106,108,106,107,116,117,113,116,113,112,114,115,112,114,112,113,132,133,130,132,130,131,128,129,126,128,126,127,136,137,134,136,134,135,144,145,141,144,141,139,141,145,146,141,146,147,142,141,143,142,143,143,138,139,140,138,140,140,141,142,140,141,140,139],"groups":[{"start":0,"count":66,"material":0},{"start":66,"count":18,"material":1},{"start":84,"count":120,"material":2},{"start":204,"count":48,"material":3},{"start":252,"count":36,"material":1},{"start":288,"count":18,"material":4},{"start":306,"count":78,"material":3},{"start":384,"count":54,"material":3},{"start":438,"count":12,"material":3},{"start":450,"count":6,"material":1},{"start":456,"count":30,"material":0}],"materials":[{"type":"armor","value":5},{"type":"armor","value":8},{"type":"armor","value":4},{"type":"armor","value":13},{"type":"armor","value":0}]},