{"version":4,"geometry":{"hull":{"position":[-0.19893,0.64725,-1.95694,0.31833,0.64725,-1.96131,0.3187,1.0103,-1.14468,-0.19543,1.00913,-1.14549,0.31755,0.49249,-1.8294,-0.19692,0.49249,-1.83097,-0.19671,1.14431,-0.85834,-0.19671,0.79365,-0.702,-0.19738,1.45449,0.31242,-0.1959,0.57451,0.85367,-0.19738,1.45222,0.5498,-0.19738,1.0472,0.85481,-0.19738,1.54123,0.346,-0.19738,1.54892,0.52466,0.32034,1.45313,0.5498,0.32034,1.45449,0.31242,0.3188,0.57526,0.85309,0.31854,1.0472,0.85369,0.32034,1.54892,0.52466,0.32034,1.54123,0.346,0.31939,0.79365,-0.702,0.31939,1.14431,-0.85834,0.6705,0.26308,1.2828,-0.34044,-0.01631,1.95941,-0.67067,-0.01669,1.96034,-0.67006,0.26308,1.2828,0.67065,-0.01669,1.96034,0.34044,-0.01631,1.95941,0.67064,0.38001,1.00015,-0.67006,0.38001,1.00015,-0.96428,0.71848,1.50102,-0.96332,0.26308,1.5005,1.0107,0.71848,1.50102,1.00973,0.26308,1.50032,-0.40276,0.91772,1.41145,0.44917,0.91772,1.41145,-1.0107,2.02646,0.90954,-1.00966,0.26308,-0.48393,-1.0107,2.02646,-0.4798,-0.67006,0.26308,1.2828,-0.67066,0.26308,-0.48393,1.0107,2.02646,0.90954,1.0107,2.02232,-0.48393,1.0099,0.26308,-0.48393,0.67156,0.26277,-0.48393,0.6705,0.26308,1.2828,-0.46577,2.02646,0.90954,-0.2429,1.75627,1.03357,-0.2429,0.9331,1.41145,-0.2429,2.02646,0.90954,0.28308,1.11864,1.32628,0.28308,2.02646,0.90954,0.46577,2.02646,0.90954,-0.67064,0.72919,1.50308,0.67064,0.72919,1.50308,-0.67064,0.26308,1.5025,0.67064,0.26308,1.5025,0.28308,0.9331,1.41145,0.51827,-0.08823,-1.89717,0.67065,-0.08823,-1.89717,-0.4875,-0.08823,-1.89717,-0.63987,-0.08823,-1.89717,0.67156,0.21565,-1.89717,0.67065,-0.34061,-1.6422,0.51446,-0.34061,-1.64219,-0.51446,-0.34061,-1.64219,-0.67066,-0.34061,-1.64219,-0.67158,0.21565,-1.89717,0.63132,0.47012,-1.89717,-0.63134,0.47012,-1.89717,0.67064,0.72919,0.9382,-0.63984,0.72919,0.93819,0.67064,0.38001,1.00015,0.67064,0.72919,1.50308,0.67064,0.26308,1.5025,0.6705,0.26308,1.2828,-0.67064,0.72919,1.50308,-0.67006,0.38001,1.00015,-0.67064,0.26308,1.5025,-0.67006,0.26308,1.2828,0.28308,1.11864,1.32628,0.28308,0.9331,1.41145,-0.2429,0.9331,1.41145,-0.2429,1.75627,1.03357,0.28308,2.02646,0.90954,-0.2429,2.02646,0.90954,0.46263,-0.14684,2.08111,0.49789,-0.30189,2.07294,0.41516,-0.40614,2.00906,-0.39234,-0.40614,2.00906,-0.46425,-0.31595,2.07956,-0.43981,-0.14684,2.08111,0.66877,-0.14075,2.08277,0.66877,-0.25698,2.097,0.66877,-0.36476,2.0512,0.67065,-0.43615,1.95721,0.33675,-0.43615,1.95721,0.34044,-0.01631,1.95941,0.67065,-0.01669,1.96034,-0.34044,-0.01631,1.95941,-0.33675,-0.43615,1.95721,-0.66882,-0.31389,2.08119,-0.66882,-0.14075,2.08277,-0.66882,-0.40614,2.00906,-0.67065,-0.43615,1.95721,-0.67067,-0.01669,1.96034,-0.67065,-0.43615,1.95721,-0.67066,-0.43616,-1.16569,-0.67066,0.26308,-0.48393,-0.67006,0.26308,1.2828,-0.67158,0.21565,-1.89717,-0.67066,-0.34061,-1.64219,0.67156,0.26277,-0.48393,0.67065,-0.43616,-1.16569,0.67065,-0.43615,1.95721,0.6705,0.26308,1.2828,0.67156,0.21565,-1.89717,0.67065,-0.34061,-1.6422,0.67065,-0.01669,1.96035,0.66877,-0.14075,2.08277,0.66877,-0.36476,2.0512,0.66877,-0.25698,2.097,-0.67067,-0.01669,1.96034,-0.66882,-0.14075,2.08277,-0.66882,-0.31389,2.08119,-0.66882,-0.40614,2.00906,-0.67158,0.21565,-1.89717,-0.63134,0.47012,-1.89717,-0.606,0.63044,-0.56873,-0.67066,0.26308,-0.48393,0.67156,0.21565,-1.89717,0.67156,0.26277,-0.48393,0.60597,0.63044,-0.56873,0.63132,0.47012,-1.89717,0.60597,0.63044,-0.56873,-0.606,0.63044,-0.56873,-0.63134,0.47012,-1.89717,0.63132,0.47012,-1.89717,0.67065,-0.43615,1.95721,0.67065,-0.43616,-1.16569,0.33675,-0.43615,1.95721,-0.67066,-0.43616,-1.16569,-0.33675,-0.43615,1.95721,-0.67065,-0.43615,1.95721,0.67065,-0.34061,-1.6422,0.51446,-0.34061,-1.64219,-0.51446,-0.34061,-1.64219,-0.67066,-0.34061,-1.64219],"index":[14,17,16,15,14,16,10,13,12,8,10,12,19,18,14,15,19,14,21,20,4,2,21,4,20,21,15,16,20,15,9,11,10,8,9,10,4,1,2,4,4,2,0,3,2,1,0,2,5,7,6,3,5,6,9,8,6,7,9,6,3,0,5,3,3,5,28,29,25,22,28,25,22,23,27,26,22,27,22,25,24,23,22,24,55,53,30,31,55,30,31,39,55,31,31,55,54,32,41,54,54,41,36,30,53,36,36,53,35,54,41,52,35,41,54,57,48,34,54,48,35,50,57,54,35,57,54,34,53,54,54,53,54,56,33,32,54,33,45,33,56,45,45,56,43,42,41,32,43,41,43,32,33,43,43,33,40,39,31,37,40,31,36,38,37,30,36,37,30,37,31,30,30,31,52,51,50,35,52,50,36,53,34,46,36,34,47,49,46,47,47,46,33,45,44,43,33,44,34,48,47,46,34,47,67,61,66,67,67,66,60,65,66,61,60,66,67,69,68,62,67,68,61,67,62,60,61,62,63,64,58,59,63,58,62,59,58,60,62,58,58,64,65,60,58,65,63,59,62,63,63,62,71,77,72,70,71,72,76,78,77,71,76,77,78,79,77,78,78,77,72,74,73,70,72,73,72,75,74,72,72,74,70,73,76,71,70,76,83,84,85,83,83,85,80,84,83,82,80,83,82,81,80,82,82,80,90,101,103,89,90,103,102,101,90,91,102,90,91,90,89,91,91,89,105,102,91,99,105,91,91,89,100,99,91,100,89,103,104,100,89,104,96,88,86,97,96,86,87,88,94,93,87,94,92,86,87,93,92,87,88,87,86,88,88,86,99,100,96,97,99,96,98,97,86,92,98,86,95,94,88,96,95,88,109,106,122,109,109,122,121,120,114,119,121,114,106,125,124,106,106,124,106,124,123,122,106,123,114,115,118,119,114,118,110,111,107,108,110,107,106,109,108,107,106,108,113,117,116,112,113,116,112,115,114,113,112,114,130,133,132,131,130,132,126,129,128,127,126,128,134,137,136,135,134,136,141,145,144,139,141,144,146,145,141,147,146,141,143,141,142,143,143,142,140,139,138,140,140,138,140,142,141,139,140,141],"groups":[{"start":0,"count":66,"material":0},{"start":66,"count":18,"material":1},{"start":84,"count":120,"material":2},{"start":204,"count":48,"material":3},{"start":252,"count":36,"material":1},{"start":288,"count":18,"material":4},{"start":306,"count":78,"material":3},{"start":384,"count":54,"material":3},{"start":438,"count":12,"material":3},{"start":450,"count":6,"material":1},{"start":456,"count":30,"material":0}],"materials":[{"type":"armor","value":5},{"type":"armor","value":8},{"type":"armor","value":4},{"type":"armor","value":13},{"type":"armor","value":0}]},