{"version":4,"geometry":{"hull":{"position":[1.06604,0.56917,-2.43373,1.06594,0.56767,-0.45653,0.79709,1.40797,-0.77138,0.91764,1.07437,-2.29683,-1.06416,0.56917,-2.43373,-0.91576,1.07437,-2.29683,-0.79521,1.40797,-0.77138,-1.06381,0.56767,-0.45668,0.71674,0.56957,-0.08043,0.45884,1.40857,-0.33683,-0.45696,1.40857,-0.33683,-0.71486,0.56957,-0.08043,-0.71616,-0.51733,-1.76943,0.71804,-0.51733,-1.76943,0.71804,-0.31567,-2.33766,-0.71616,-0.31567,-2.33766,0.71804,-0.51733,1.54497,-0.71616,-0.51733,1.54497,-0.71616,-0.38487,2.09647,0.71804,-0.38487,2.09647,0.32674,0.56767,0.13707,-0.30989,0.56767,0.13707,-0.71486,0.56957,-0.08043,0.71674,0.56957,-0.08043,-0.10679,0.56839,0.34914,-0.71616,0.56767,0.35397,-1.06381,0.56767,-0.45668,1.06594,0.56767,-0.45653,0.71804,0.56767,0.35397,0.58427,0.56928,0.34914,-0.07576,0.28497,1.37977,-0.71616,0.07787,2.17747,0.71804,0.07787,2.17747,0.05077,0.22126,1.61556,0.42512,0.22126,1.61556,0.55164,0.28497,1.37977,0.01024,0.56152,1.26762,0.46564,0.56152,1.26762,0.37564,0.56547,1.39477,0.10024,0.56547,1.39477,0.71804,0.07787,2.17747,0.71804,-0.38487,2.09647,0.41611,-0.18634,2.13122,0.41611,-0.05656,2.15394,-0.407,-0.18634,2.13122,-0.71616,-0.38487,2.09647,-0.407,-0.05656,2.15394,-0.71616,0.07787,2.17747,-0.71616,-0.51733,-1.76943,-0.71616,0.24727,0.3539,-0.71616,-0.51733,1.54497,-0.71616,-0.31567,-2.33766,-0.71616,0.25251,-2.43706,0.71804,0.24727,0.3539,0.71804,0.25251,-2.43706,0.71804,-0.31567,-2.33766,0.71804,-0.51733,-1.76943,0.71804,-0.51733,1.54497,0.71804,0.07787,2.17747,0.71804,-0.38487,2.09647,0.71804,0.56767,0.35397,-0.71616,0.07787,2.17747,-0.71616,-0.38487,2.09647,-0.71616,0.56767,0.35397,0.55164,0.28497,1.37977,0.46564,0.56152,1.26762,0.58426,0.56928,0.34914,0.42512,0.22126,1.61556,0.05077,0.22126,1.61556,0.10024,0.56547,1.39477,0.37564,0.56547,1.39477,-0.07576,0.28497,1.37977,0.01024,0.56152,1.26762,-0.10679,0.56839,0.34914,0.61095,0.63477,-0.08778,0.37474,1.40857,-0.34113,0.45884,1.40857,-0.33683,0.71674,0.56957,-0.08043,0.31254,0.65387,0.09027,0.32674,0.56767,0.13707,-0.45696,1.40857,-0.33683,-0.37286,1.40857,-0.34113,-0.60906,0.63477,-0.08778,-0.71486,0.56957,-0.08043,-0.31066,0.65387,0.09027,-0.32486,0.56767,0.13707,0.71804,0.25251,-2.43706,1.06604,0.25247,-2.43383,1.06604,0.56917,-2.43373,0.71804,-0.31567,-2.33766,-0.71616,0.25251,-2.43706,-0.71616,-0.31567,-2.33766,-1.06416,0.56917,-2.43373,-1.06416,0.25247,-2.43383,0.68718,-0.13614,-1.15075,-0.63995,-0.13614,-1.15078,-0.67331,0.54931,-1.14981,0.69252,0.57037,-1.15605,-0.67155,-0.13612,-2.35642,0.68722,-0.13612,-2.35642,-0.70361,0.25675,-2.42447,-1.02171,0.55349,-1.14459,-1.04464,0.25675,-2.42447,1.01144,0.59581,-1.15843,0.68703,0.25675,-2.42447,1.06031,0.25675,-2.42447,-0.71486,0.56957,-0.08043,-1.06381,0.56767,-0.45668,0.71674,0.56957,-0.08043,1.06594,0.56767,-0.45653,1.06604,0.25247,-2.43383,1.06594,0.24617,-0.45783,1.06594,0.56767,-0.45653,1.06604,0.56917,-2.43373,-0.71616,0.56767,0.35397,-0.71616,0.24727,0.3539,-1.06406,0.24617,-0.45783,-1.06381,0.56767,-0.45668,-1.06416,0.25247,-2.43383,-1.06416,0.56917,-2.43373,0.71804,0.56767,0.35397,0.71804,0.24727,0.3539,1.06594,0.24617,-0.45783,1.06604,0.25247,-2.43383,0.71804,0.25251,-2.43706,0.71804,0.24727,0.3539,0.71804,-0.51733,-1.76943,-0.71616,-0.51733,-1.76943,-0.71616,-0.51733,1.54497,0.71804,-0.51733,1.54497,-1.06406,0.24617,-0.45783,-0.71616,0.24727,0.3539,-0.71616,0.25251,-2.43706,-1.06416,0.25247,-2.43383,0.31254,0.65387,0.09027,-0.31066,0.65387,0.09027,-0.60906,0.63477,-0.08778,0.61095,0.63477,-0.08778,0.37474,1.40857,-0.34113,-0.37286,1.40857,-0.34113,0.41611,-0.18634,2.13122,-0.407,-0.18634,2.13122,-0.407,-0.05656,2.15394,0.41611,-0.05656,2.15394],"index":[8,1,2,9,8,2,6,7,11,10,6,11,4,5,3,0,4,3,2,1,0,3,2,0,6,5,4,7,6,4,16,19,18,17,16,18,12,15,14,13,12,14,35,34,32,35,35,32,35,32,28,29,35,28,31,33,30,31,31,30,24,29,20,21,24,20,36,39,38,37,36,38,36,37,29,24,36,29,32,34,33,31,32,33,22,26,25,22,22,25,25,24,21,22,25,21,20,23,22,21,20,22,24,25,31,30,24,31,28,23,20,29,28,20,23,28,27,23,23,27,40,47,46,43,40,46,44,46,47,45,44,47,40,43,42,41,40,42,44,45,41,42,44,41,60,58,53,60,60,53,58,59,57,53,58,57,61,63,49,61,61,49,50,62,61,49,50,61,49,52,51,48,49,51,50,49,48,50,50,48,53,57,56,53,53,56,53,56,55,54,53,55,69,72,71,68,69,71,71,72,73,71,71,73,70,67,64,65,70,64,66,65,64,66,66,64,67,70,69,68,67,69,84,82,83,85,84,83,78,84,85,79,78,85,82,81,80,83,82,80,76,75,74,77,76,74,77,74,78,79,77,78,90,92,88,86,90,88,90,93,92,90,90,92,88,87,86,88,88,86,89,91,90,86,89,90,107,97,96,101,107,96,106,108,97,107,106,97,95,96,97,94,95,97,109,103,97,108,109,97,104,99,94,97,104,94,100,96,95,98,100,95,94,99,98,95,94,98,103,105,104,97,103,104,101,96,100,102,101,100,117,119,118,116,117,118,120,121,111,112,120,111,110,113,112,111,110,112,114,117,116,115,114,116,130,133,132,131,130,132,126,129,128,127,126,128,122,125,124,123,122,124,138,139,136,137,138,136,134,137,136,135,134,136,140,143,142,141,140,142],"groups":[{"start":0,"count":30,"material":0},{"start":30,"count":12,"material":0},{"start":42,"count":78,"material":1},{"start":120,"count":24,"material":2},{"start":144,"count":48,"material":3},{"start":192,"count":30,"material":0},{"start":222,"count":30,"material":0},{"start":252,"count":24,"material":3},{"start":276,"count":54,"material":4},{"start":330,"count":24,"material":3},{"start":354,"count":18,"material":4},{"start":372,"count":12,"material":5},{"start":384,"count":6,"material":6}],"materials":[{"type":"armor","value":10},{"type":"armor","value":20},{"type":"armor","value":30},{"type":"armor","value":14},{"type":"armor","value":5},{"type":"armor","value":0},{"type":"armor","value":35}]},"chassis":{"position":[-1.08383,0.85745,-2.19202,-1.08383,0.97402,-1.96446,-1.08383,-0.00019,-1.2599,-1.08383,0.35646,-2.16139,-0.79071,-0.00019,-1.2599,-0.79071,0.35646,-2.16139,-0.7204,0.85745,-2.19202,-0.7204,0.6139,-2.27517,-0.7204,0.95765,-1.14175,-0.7204,0.97402,-1.96446,-1.08383,0.95765,-1.14175,-0.79071,0.46707,-2.20953,-1.08383,0.6139,-2.27517,-0.7204,0.48245,-2.21828,-1.08383,-0.00019,1.15573,-1.08383,1.01519,1.82966,-1.08383,0.98493,1.98282,-1.08383,0.23294,1.98282,-0.79071,0.23294,1.98282,-0.79071,-0.00019,1.15573,-0.79071,0.46707,2.20163,-0.7204,0.48245,2.20163,-0.7204,1.01519,1.82966,-0.7204,0.98493,1.98282,-0.7204,0.7642,2.20163,-1.08383,0.46707,2.20163,-1.08383,0.7642,2.20163,1.09237,0.85745,-2.19202,1.09237,0.6139,-2.27517,1.09237,-0.00019,-1.2599,1.09237,0.97402,-1.96446,1.09237,0.35646,-2.16139,0.79927,0.35646,-2.16139,0.79927,-0.00019,-1.2599,0.72897,0.85745,-2.19202,0.72897,0.97402,-1.96446,0.72897,0.95765,-1.14175,0.72897,0.6139,-2.27517,1.09237,0.95765,-1.14175,0.79927,0.46707,-2.20953,0.72897,0.48245,-2.21828,1.09237,-0.00019,1.15573,1.09237,1.01519,1.82966,1.09237,0.23294,1.98282,0.79927,0.23294,1.98282,0.79927,-0.00019,1.15573,0.79927,0.46707,2.20163,0.72897,0.48245,2.20163,0.72897,1.01519,1.82966,0.72897,0.98493,1.98282,0.72897,0.7642,2.20163,1.09237,0.46707,2.20163,1.09237,0.7642,2.20163,1.09237,0.98493,1.98282],"index":[22,23,7,8,22,7,7,23,24,7,7,24,24,21,13,7,24,13,11,20,18,5,11,18,21,20,11,13,21,11,4,19,14,2,4,14,15,22,8,10,15,8,25,26,16,17,25,16,26,24,23,16,26,23,23,22,15,16,23,15,20,25,17,18,20,17,21,24,26,20,21,26,25,20,26,25,25,26,18,19,4,5,18,4,1,10,8,9,1,8,12,11,5,3,12,5,11,12,7,13,11,7,0,3,2,1,0,2,3,5,4,2,3,4,6,9,8,7,6,8,7,12,0,6,7,0,1,2,10,1,1,10,17,16,15,14,17,15,14,19,18,17,14,18,3,0,12,3,3,12,1,9,6,0,1,6,14,15,10,2,14,10,37,49,48,36,37,48,49,37,50,49,49,50,40,47,50,37,40,50,44,46,39,32,44,39,39,46,47,40,39,47,41,45,33,29,41,33,36,48,42,38,36,42,52,53,49,50,52,49,49,53,42,48,49,42,42,53,51,43,42,51,52,46,51,53,52,51,52,50,47,46,52,47,43,51,46,44,43,46,45,44,32,33,45,32,34,37,36,35,34,36,35,36,38,30,35,38,31,32,39,28,31,39,27,30,29,28,27,29,28,29,31,28,28,31,33,32,31,29,33,31,28,39,40,37,28,40,38,29,30,38,38,30,42,43,41,42,42,41,44,45,41,43,44,41,37,34,27,28,37,27,34,35,30,27,34,30,38,42,41,29,38,41],"groups":[{"start":0,"count":162,"material":0},{"start":162,"count":162,"material":0}],