{"version":4,"geometry":{"hull":{"position":[-1.06604,0.56917,-2.43373,-1.06594,0.56767,-0.45653,-0.79709,1.40797,-0.77138,-0.91764,1.07437,-2.29683,1.06416,0.56917,-2.43373,0.91576,1.07437,-2.29683,0.79521,1.40797,-0.77138,1.06381,0.56767,-0.45668,-0.71674,0.56957,-0.08043,-0.45884,1.40857,-0.33683,0.45696,1.40857,-0.33683,0.71486,0.56957,-0.08043,0.71616,-0.51733,-1.76943,-0.71804,-0.51733,-1.76943,-0.71804,-0.31567,-2.33766,0.71616,-0.31567,-2.33766,-0.71804,-0.51733,1.54497,0.71616,-0.51733,1.54497,0.71616,-0.38487,2.09647,-0.71804,-0.38487,2.09647,-0.32674,0.56767,0.13707,0.32486,0.56767,0.13707,0.71486,0.56957,-0.08043,-0.71674,0.56957,-0.08043,0.10679,0.56839,0.34914,0.71616,0.56767,0.35397,1.06381,0.56767,-0.45668,-1.06594,0.56767,-0.45653,-0.71804,0.56767,0.35397,-0.58427,0.56928,0.34914,0.07576,0.28497,1.37977,0.71616,0.07787,2.17747,-0.71804,0.07787,2.17747,-0.05077,0.22126,1.61556,-0.42512,0.22126,1.61556,-0.55164,0.28497,1.37977,-0.01024,0.56152,1.26762,-0.46564,0.56152,1.26762,-0.37564,0.56547,1.39477,-0.10024,0.56547,1.39477,-0.71804,0.07787,2.17747,-0.71804,-0.38487,2.09647,-0.41611,-0.18634,2.13122,-0.41611,-0.05656,2.15394,0.407,-0.18634,2.13122,0.71616,-0.38487,2.09647,0.407,-0.05656,2.15394,0.71616,0.07787,2.17747,0.71616,-0.51733,-1.76943,0.71616,0.24727,0.3539,0.71616,-0.51733,1.54497,0.71616,-0.31567,-2.33766,0.71616,0.25251,-2.43706,-0.71804,0.24727,0.3539,-0.71804,0.25251,-2.43706,-0.71804,-0.31567,-2.33766,-0.71804,-0.51733,-1.76943,-0.71804,-0.51733,1.54497,-0.71804,0.07787,2.17747,-0.71804,-0.38487,2.09647,-0.71804,0.56767,0.35397,0.71616,0.07787,2.17747,0.71616,-0.38487,2.09647,0.71616,0.56767,0.35397,-0.55164,0.28497,1.37977,-0.46564,0.56152,1.26762,-0.58426,0.56928,0.34914,-0.42512,0.22126,1.61556,-0.05077,0.22126,1.61556,-0.10024,0.56547,1.39477,-0.37564,0.56547,1.39477,0.07576,0.28497,1.37977,-0.01024,0.56152,1.26762,0.10679,0.56839,0.34914,-0.61095,0.63477,-0.08778,-0.37474,1.40857,-0.34113,-0.45884,1.40857,-0.33683,-0.71674,0.56957,-0.08043,-0.31254,0.65387,0.09027,-0.32674,0.56767,0.13707,0.45696,1.40857,-0.33683,0.37286,1.40857,-0.34113,0.60906,0.63477,-0.08778,0.71486,0.56957,-0.08043,0.31066,0.65387,0.09027,0.32486,0.56767,0.13707,-0.71804,0.25251,-2.43706,-1.06604,0.25247,-2.43383,-1.06604,0.56917,-2.43373,-0.71804,-0.31567,-2.33766,0.71616,0.25251,-2.43706,0.71616,-0.31567,-2.33766,1.06416,0.56917,-2.43373,1.06416,0.25247,-2.43383,-0.68706,-0.13614,-1.15063,0.67126,-0.13614,-1.15065,0.7054,0.56542,-1.14966,-0.69252,0.58697,-1.15605,0.67155,-0.13612,-2.35642,-0.68722,-0.13612,-2.35642,0.70361,0.25675,-2.42447,1.02171,0.55349,-1.14459,1.04464,0.25675,-2.42447,-1.01144,0.59581,-1.15843,-0.68703,0.25675,-2.42447,-1.06031,0.25675,-2.42447,0.71486,0.56957,-0.08043,1.06381,0.56767,-0.45668,-0.71674,0.56957,-0.08043,-1.06594,0.56767,-0.45653,-1.06604,0.25247,-2.43383,-1.06594,0.24617,-0.45783,-1.06594,0.56767,-0.45653,-1.06604,0.56917,-2.43373,0.71616,0.56767,0.35397,0.71616,0.24727,0.3539,1.06406,0.24617,-0.45783,1.06381,0.56767,-0.45668,1.06416,0.25247,-2.43383,1.06416,0.56917,-2.43373,-0.71804,0.56767,0.35397,-0.71804,0.24727,0.3539,-1.06594,0.24617,-0.45783,-1.06604,0.25247,-2.43383,-0.71804,0.25251,-2.43706,-0.71804,0.24727,0.3539,-0.71804,-0.51733,-1.76943,0.71616,-0.51733,-1.76943,0.71616,-0.51733,1.54497,-0.71804,-0.51733,1.54497,1.06406,0.24617,-0.45783,0.71616,0.24727,0.3539,0.71616,0.25251,-2.43706,1.06416,0.25247,-2.43383,-0.31254,0.65387,0.09027,0.31066,0.65387,0.09027,0.60906,0.63477,-0.08778,-0.61095,0.63477,-0.08778,-0.37474,1.40857,-0.34113,0.37286,1.40857,-0.34113,-0.41611,-0.18634,2.13122,0.407,-0.18634,2.13122,0.407,-0.05656,2.15394,-0.41611,-0.05656,2.15394],"index":[2,1,8,2,8,9,11,7,6,11,6,10,3,5,4,3,4,0,0,1,2,0,2,3,4,5,6,4,6,7,18,19,16,18,16,17,14,15,12,14,12,13,32,34,35,32,35,35,28,32,35,28,35,29,30,33,31,30,31,31,20,29,24,20,24,21,38,39,36,38,36,37,29,37,36,29,36,24,33,34,32,33,32,31,25,26,22,25,22,22,21,24,25,21,25,22,22,23,20,22,20,21,31,25,24,31,24,30,20,23,28,20,28,29,27,28,23,27,23,23,46,47,40,46,40,43,47,46,44,47,44,45,42,43,40,42,40,41,41,45,44,41,44,42,53,58,60,53,60,60,57,59,58,57,58,53,49,63,61,49,61,61,61,62,50,61,50,49,51,52,49,51,49,48,48,49,50,48,50,50,56,57,53,56,53,53,55,56,53,55,53,54,71,72,69,71,69,68,73,72,71,73,71,71,64,67,70,64,70,65,64,65,66,64,66,66,69,70,67,69,67,68,83,82,84,83,84,85,85,84,78,85,78,79,80,81,82,80,82,83,74,75,76,74,76,77,78,74,77,78,77,79,88,92,90,88,90,86,92,93,90,92,90,90,86,87,88,86,88,88,90,91,89,90,89,86,96,97,107,96,107,101,97,108,106,97,106,107,97,96,95,97,95,94,97,103,109,97,109,108,94,99,104,94,104,97,95,96,100,95,100,98,98,99,94,98,94,95,104,105,103,104,103,97,100,96,101,100,101,102,118,119,117,118,117,116,111,121,120,111,120,112,112,113,110,112,110,111,116,117,114,116,114,115,132,133,130,132,130,131,128,129,126,128,126,127,124,125,122,124,122,123,136,139,138,136,138,137,136,137,134,136,134,135,142,143,140,142,140,141],"groups":[{"start":0,"count":30,"material":0},{"start":30,"count":12,"material":0},{"start":42,"count":78,"material":1},{"start":120,"count":24,"material":2},{"start":144,"count":48,"material":3},{"start":192,"count":30,"material":0},{"start":222,"count":30,"material":0},{"start":252,"count":24,"material":3},{"start":276,"count":54,"material":4},{"start":330,"count":24,"material":3},{"start":354,"count":18,"material":4},{"start":372,"count":12,"material":5},{"start":384,"count":6,"material":6}],"materials":[{"type":"armor","value":10},{"type":"armor","value":20},{"type":"armor","value":30},{"type":"armor","value":14.5},{"type":"armor","value":5},{"type":"armor","value":0},{"type":"armor","value":35}]},"chassis":{"position":[1.09237,0.87761,-2.19011,1.09237,0.99691,-1.95732,1.09237,-0.00019,-1.23655,1.09237,0.36484,-2.15877,0.79236,-0.00019,-1.23655,0.79236,0.36484,-2.15877,0.7204,0.87761,-2.19011,0.7204,0.62833,-2.27517,0.7204,0.98016,-1.11568,0.7204,0.99691,-1.95732,1.09237,0.98016,-1.11568,0.79236,0.47805,-2.20802,1.09237,0.62833,-2.27517,0.7204,0.49379,-2.21697,1.09237,-0.00019,1.23464,1.09237,1.03905,1.92407,1.09237,1.00808,2.08076,1.09237,0.23842,2.08076,0.79236,0.23842,2.08076,0.79236,-0.00019,1.23464,0.79236,0.47805,2.3046,0.7204,0.49379,2.3046,0.7204,1.03905,1.92407,0.7204,1.00808,2.08076,0.7204,0.78216,2.3046,1.09237,0.47805,2.3046,1.09237,0.78216,2.3046,-1.09237,0.87761,-2.19011,-1.09237,0.62833,-2.27517,-1.09237,-0.00019,-1.23655,-1.09237,0.99691,-1.95732,-1.09237,0.36484,-2.15877,-0.79238,0.36484,-2.15877,-0.79238,-0.00019,-1.23655,-0.72043,0.87761,-2.19011,-0.72043,0.99691,-1.95732,-0.72043,0.98016,-1.11568,-0.72043,0.62833,-2.27517,-1.09237,0.98016,-1.11568,-0.79238,0.47805,-2.20802,-0.72043,0.49379,-2.21697,-1.09237,-0.00019,1.23464,-1.09237,1.03905,1.92407,-1.09237,0.23842,2.08076,-0.79238,0.23842,2.08076,-0.79238,-0.00019,1.23464,-0.79238,0.47805,2.3046,-0.72043,0.49379,2.3046,-0.72043,1.03905,1.92407,-0.72043,1.00808,2.08076,-0.72043,0.78216,2.3046,-1.09237,0.47805,2.3046,-1.09237,0.78216,2.3046,-1.09237,1.00808,2.08076],"index":[7,23,22,7,22,8,24,23,7,24,7,7,13,21,24,13,24,7,18,20,11,18,11,5,11,20,21,11,21,13,14,19,4,14,4,2,8,22,15,8,15,10,16,26,25,16,25,17,23,24,26,23,26,16,15,22,23,15,23,16,17,25,20,17,20,18,26,24,21,26,21,20,26,20,25,26,25,25,4,19,18,4,18,5,8,10,1,8,1,9,5,11,12,5,12,3,7,12,11,7,11,13,2,3,0,2,0,1,4,5,3,4,3,2,8,9,6,8,6,7,0,12,7,0,7,6,10,2,1,10,1,1,15,16,17,15,17,14,18,19,14,18,14,17,12,0,3,12,3,3,6,9,1,6,1,0,10,15,14,10,14,2,48,49,37,48,37,36,50,37,49,50,49,49,50,47,40,50,40,37,39,46,44,39,44,32,47,46,39,47,39,40,33,45,41,33,41,29,42,48,36,42,36,38,49,53,52,49,52,50,42,53,49,42,49,48,51,53,42,51,42,43,51,46,52,51,52,53,47,50,52,47,52,46,46,51,43,46,43,44,32,44,45,32,45,33,36,37,34,36,34,35,38,36,35,38,35,30,39,32,31,39,31,28,29,30,27,29,27,28,31,29,28,31,28,28,31,32,33,31,33,29,40,39,28,40,28,37,30,29,38,30,38,38,41,43,42,41,42,42,41,45,44,41,44,43,27,34,37,27,37,28,30,35,34,30,34,27,41,42,38,41,38,29],"groups":[{"start":0,"count":162,"material":0},{"start":162,"count":162,"material":0}],