{"version":4,"geometry":{"hull":{"position":[-0.81312,0.24666,1.1286,-0.88686,-0.56156,-1.94486,0.86796,-0.56156,-1.94486,0.86796,-0.3799,-2.35379,-0.88686,-0.3799,-2.35379,0.27905,0.24665,1.15142,0.86797,0.24666,0.97389,0.86798,0.24666,1.10356,0.23839,0.24289,1.2289,0.24858,0.24665,1.15142,-0.25024,0.24665,1.15142,0.23758,0.24666,1.6865,-0.81312,0.24666,1.68651,-0.29791,0.24665,1.15142,-0.88673,0.24666,1.68651,-0.88673,0.24505,1.1286,-0.73895,0.24664,1.01503,-0.88673,0.24663,0.97381,-0.50165,-0.3054,0.17665,-0.35717,-0.3054,-0.85327,0.46281,-0.3054,-0.85327,-0.01177,-0.3054,0.71234,0.8704,-0.3054,-0.85327,0.85509,-0.3054,0.71234,0.46281,0.22708,-0.85327,-0.35717,0.22648,-0.85327,-0.516,-0.3054,-0.85327,-0.516,-0.25799,-0.85327,0.85605,0.22769,-0.85327,-0.56193,-0.21422,0.17665,-0.56384,0.21128,0.71234,-0.56384,0.19608,-0.85327,-0.56193,-0.23793,-0.85327,-0.516,-0.3054,0.17665,-0.56193,-0.23793,0.17665,-0.516,-0.25799,0.17665,-0.50165,-0.244,0.17665,-0.84897,0.24775,-0.85327,-0.96569,0.7079,-0.85327,0.99287,0.7079,-0.85327,0.87614,0.24775,-0.85327,-0.45285,-0.53638,0.83351,0.73262,-0.53638,0.71234,0.73071,-0.53638,2.24925,-0.45476,-0.53578,2.24925,-0.45476,-0.244,2.24925,0.72784,-0.13277,2.40868,-0.56193,-0.17896,2.38955,-0.77242,-0.17836,2.38955,-0.804,-0.17896,1.07584,-0.56193,-0.17896,0.83351,-0.45285,-0.244,0.83351,0.80151,-0.13277,2.02923,0.80151,-0.44824,1.28948,0.80151,-0.13277,2.40868,0.73071,-0.13277,2.02923,0.85988,-0.44824,0.71234,0.73262,-0.44824,0.71234,0.73071,-0.44824,1.28948,-0.45285,-0.53638,0.71234,-0.45285,-0.3054,0.71234,-0.50165,-0.3054,0.71234,-0.56193,-0.17896,0.71234,-0.45285,-0.244,0.71234,-0.50165,-0.244,0.71234,-0.56193,-0.21422,0.71234,0.85313,0.24671,0.81679,0.86797,0.24412,-0.85255,0.86797,0.24321,0.82309,-0.88673,0.2432,-0.85255,-0.88673,0.2432,0.86544,-0.3886,0.26629,-0.85265,-1.29458,0.24513,-0.85255,-0.3886,0.73714,-0.85256,-1.0209,0.77333,-0.85255,-0.3886,0.77333,-0.85255,0.44995,0.77333,-0.85255,0.44995,0.73714,-0.85256,1.00204,0.77333,-0.85255,0.44995,0.26629,-0.85305,1.27572,0.24507,-0.85255,-0.81524,0.03559,2.54552,0.7413,0.03526,2.5454,-0.81312,0.24666,1.1286,-0.29791,0.24665,1.15142,-0.73895,0.24664,1.01503,-0.59834,0.2287,0.86156,-0.29719,0.24667,0.93912,-0.88673,0.24663,0.97381,0.28411,0.24667,0.93756,0.24858,0.24665,1.15142,-0.25024,0.24665,1.15142,0.27905,0.24665,1.15142,0.79857,0.2295,1.69672,0.79857,0.03559,2.54552,0.47873,0.24552,0.9035,0.86797,0.24666,0.97389,-0.30175,0.03762,2.60668,0.86823,0.03762,2.60668,0.59918,-0.08782,2.5771,-0.61457,-0.08782,2.5771,0.868,-0.40177,2.50308,0.5991,-0.33415,2.51902,-0.88687,-0.40177,2.50308,-0.61462,-0.33415,2.51902,-0.88673,0.03762,2.60668,0.24858,1.04337,0.99938,0.24858,0.24665,1.15142,-0.25024,0.24665,1.15142,-0.25024,1.04337,0.99938,-0.61462,-0.33415,2.51902,-0.61457,-0.08782,2.5771,0.59918,-0.08782,2.5771,0.5991,-0.33415,2.51902,0.25808,0.43289,0.46203,0.25808,-0.29953,0.72455,0.25808,0.19338,0.936,0.25808,0.43526,0.936,0.25808,0.46711,0.15946,0.25808,0.65734,0.36554,0.25808,0.63118,0.16732,0.25808,-0.2984,-0.15922,-0.26664,-0.29953,0.72455,-0.26664,-0.2984,-0.15922,-0.26664,0.46711,0.15946,-0.26664,0.43289,0.46203,-0.26664,0.43526,0.936,-0.26664,0.19338,0.936,-0.26664,0.65734,0.36554,-0.26664,0.63118,0.16732,-0.26664,0.68361,0.17761,-0.26664,0.70254,0.33945,-0.26664,0.72178,0.21362,-0.26664,0.72864,0.29424,-0.26664,0.73028,0.23951,-0.26664,0.73208,0.26815,0.25808,0.70254,0.33945,0.25808,0.68361,0.17761,0.25808,0.72864,0.29424,0.25808,0.72178,0.21362,0.25808,0.73208,0.26815,0.25808,0.73028,0.23951,0.32962,0.53069,1.20954,0.92477,0.53069,1.08968,0.83567,0.5309,1.65737,0.32875,0.5309,1.65737,0.86798,0.24666,1.10356,0.98325,0.24289,1.08058,0.23839,0.24289,1.2289,0.86812,0.23927,1.71895,0.23742,0.2429,1.71977,0.23758,0.24666,1.6865,0.88566,0.2429,1.71897,0.86793,0.24512,-2.51992,1.27572,0.24512,-2.51937,1.00266,0.77333,-2.3638,-0.8868,0.24512,-2.52011,-1.02152,0.77333,-2.3638,-1.29458,0.24512,-2.51937,-0.88686,-0.3799,-2.35379,0.86796,-0.3799,-2.35379,0.86795,-0.30313,-0.85255,0.868,-0.13076,2.02783,0.868,-0.44621,1.29099,0.868,-0.13061,2.41061,0.868,-0.30298,0.71364,0.868,-0.44621,0.71364,-1.29458,0.24513,-0.85255,-1.29458,0.24512,-2.51937,-1.02152,0.77333,-2.3638,-1.0209,0.77333,-0.85255,-0.88673,0.2432,-0.85255,-0.88687,-0.56156,-0.85255,-0.88686,-0.56156,-1.94486,-0.88686,-0.3799,-2.35379,-0.8868,0.24512,-2.52011,1.27572,0.24507,-0.85255,1.00204,0.77333,-0.85255,1.00266,0.77333,-2.3638,1.27572,0.24512,-2.51937,0.86797,0.24412,-0.85255,0.86793,0.24512,-2.51992,0.86796,-0.56156,-1.94486,0.86796,-0.3799,-2.35379,0.86797,0.24666,0.97389,0.868,-0.56155,2.34386,0.868,-0.40177,2.50308,0.86823,0.03762,2.60668,0.86812,0.23927,1.71895,0.86798,0.24666,1.10356,0.86799,0.24666,1.44897,0.868,0.24666,1.68651,0.86797,0.24321,0.82309,0.86797,-0.56156,-0.85255,-0.88687,-0.56155,2.34386,-0.88673,0.24666,1.68651,-0.88673,0.24663,0.97381,-0.88673,0.24505,1.1286,-0.88673,0.2432,0.86544,-0.88673,0.03762,2.60668,-0.88687,-0.40177,2.50308,0.868,0.24666,1.68651,0.86812,0.23927,1.71895,0.23758,0.24666,1.6865,0.86823,0.03762,2.60668,-0.30175,0.03762,2.60668,-0.81312,0.24666,1.68651,-0.88673,0.03762,2.60668,-0.88673,0.24666,1.68651,0.9763,0.2431,0.93648,0.8149,0.98748,0.78619,1.01722,0.78021,0.6831,1.27572,0.24399,0.64992,0.86797,0.24666,0.97389,0.70056,1.04337,0.86903,0.27906,0.24665,1.15142,0.27906,1.04337,0.99938,0.24858,0.24665,1.15142,0.24858,1.04337,0.99938,-1.22113,0.24329,0.72688,-1.03608,0.78021,0.6831,-0.83375,0.98748,0.78619,-0.99516,0.2431,0.93648,-1.29458,0.24399,0.65467,-0.71941,1.04337,0.86903,-0.88673,0.24663,0.97381,-0.73895,0.24664,1.01503,-0.29791,1.04337,0.99938,-0.29791,0.24665,1.15142,-0.25024,1.04337,0.99938,-0.25024,0.24665,1.15142,1.00204,0.77333,-0.85255,1.27572,0.24507,-0.85255,1.27572,0.24512,0.57545,1.00235,0.77333,0.63691,1.27572,0.24399,0.64992,1.01722,0.78021,0.6831,-1.29458,0.24512,0.57545,-1.29458,0.24513,-0.85255,-1.0209,0.77333,-0.85255,-1.0212,0.77333,0.63691,-1.03608,0.78021,0.6831,-1.29458,0.24399,0.65467,1.02918,0.2431,0.83844,-1.00034,0.24328,0.83844,1.27572,0.24507,-0.85255,0.86797,0.24412,-0.85255,0.86797,0.24321,0.82309,1.27572,0.24512,0.57545,0.868,0.24666,1.68651,0.88566,0.2429,1.71897,0.98325,0.24289,1.08058,0.86799,0.24666,1.44897,0.86798,0.24666,1.10356,0.86797,0.24666,0.97389,0.9763,0.2431,0.93648,1.27572,0.24399,0.64992,1.27572,0.24512,-2.51937,0.86793,0.24512,-2.51992,-1.29458,0.24512,0.57545,-0.88673,0.2432,0.86544,-0.88673,0.2432,-0.85255,-1.29458,0.24513,-0.85255,-1.22113,0.24329,0.72688,-1.29458,0.24399,0.65467,-0.99516,0.2431,0.93648,-0.88673,0.24663,0.97381,-0.8868,0.24512,-2.52011,-1.29458,0.24512,-2.51937,0.86812,0.23927,1.71895,0.23758,0.24666,1.6865,0.23742,0.2429,1.71977,0.86797,-0.56156,-0.85255,-0.88687,-0.56156,-0.85255,-0.88687,-0.56155,2.34386,0.868,-0.56155,2.34386,0.86796,-0.56156,-1.94486,-0.88686,-0.56156,-1.94486,1.00204,0.77333,-0.85255,0.44995,0.77333,-0.85255,-1.02151,0.77333,-2.3638,1.00266,0.77333,-2.3638,-0.3886,0.77333,-0.85255,-1.0209,0.77333,-0.85255,-0.88687,-0.56155,2.34386,-0.88687,-0.40177,2.50308,0.868,-0.40177,2.50308,0.868,-0.56155,2.34386,0.27497,0.28094,1.7814,0.83856,0.28094,1.7814,0.83856,0.21893,1.80661,0.27497,0.21893,1.80661],