{"version":4,"geometry":{"hull":{"position":[0.81312,0.24666,1.1286,0.88686,-0.56156,-1.94486,-0.86796,-0.56156,-1.94486,-0.86796,-0.3799,-2.35379,0.88686,-0.3799,-2.35379,-0.27905,0.24665,1.15142,-0.86797,0.24666,0.97389,-0.86798,0.24666,1.10356,-0.23839,0.24289,1.2289,-0.24858,0.24665,1.15142,0.25024,0.24665,1.15142,-0.23758,0.24666,1.6865,0.81312,0.24666,1.68651,0.29791,0.24665,1.15142,0.88673,0.24666,1.68651,0.88673,0.24505,1.1286,0.73895,0.24664,1.01503,0.88673,0.24663,0.97381,0.53677,-0.29997,0.20034,0.3889,-0.29997,-0.85327,-0.45035,-0.29997,-0.85327,0.03538,-0.29997,0.74835,-0.86752,-0.29997,-0.85327,-0.85185,-0.29997,0.74835,-0.45035,0.24503,-0.85327,0.3889,0.2444,-0.85327,0.55146,-0.29997,-0.85327,0.55146,-0.25144,-0.85327,-0.85283,0.24565,-0.85327,0.59846,-0.20665,0.20034,0.60042,0.22885,0.74835,0.60042,0.2133,-0.85327,0.59846,-0.23091,-0.85327,0.55146,-0.29997,0.20034,0.59846,-0.23091,0.20034,0.55146,-0.25144,0.20034,0.53677,-0.23713,0.20034,0.89225,0.26618,-0.85327,1.01172,0.73714,-0.85327,-0.99287,0.73714,-0.85327,-0.8734,0.26618,-0.85327,0.48683,-0.53638,0.8723,-0.72651,-0.53638,0.74835,-0.72455,-0.53638,2.32061,0.48878,-0.53576,2.32061,0.48878,-0.23713,2.32061,-0.72161,-0.12328,2.4837,0.59846,-0.17056,2.46413,0.81391,-0.16994,2.46413,0.84622,-0.17056,1.12021,0.59846,-0.17056,0.8723,0.48683,-0.23713,0.8723,-0.79701,-0.12328,2.09553,-0.79701,-0.44617,1.33876,-0.79701,-0.12328,2.4837,-0.72455,-0.12328,2.09553,-0.85675,-0.44617,0.74835,-0.72651,-0.44617,0.74835,-0.72455,-0.44617,1.33876,0.48683,-0.53638,0.74835,0.48683,-0.29997,0.74835,0.53677,-0.29997,0.74835,0.59846,-0.17056,0.74835,0.48683,-0.23713,0.74835,0.53677,-0.23713,0.74835,0.59846,-0.20665,0.74835,-0.85313,0.24671,0.81679,-0.86797,0.24412,-0.85255,-0.86797,0.24321,0.82309,0.88673,0.2432,-0.85255,0.88673,0.2432,0.86544,0.3886,0.26629,-0.85265,1.29458,0.24513,-0.85255,0.3886,0.73714,-0.85256,1.0209,0.77333,-0.85255,0.3886,0.77333,-0.85255,-0.44995,0.77333,-0.85255,-0.44995,0.73714,-0.85256,-1.00204,0.77333,-0.85255,-0.44995,0.26629,-0.85305,-1.27572,0.24507,-0.85255,0.81524,0.03559,2.54552,-0.7413,0.03526,2.5454,0.81312,0.24666,1.1286,0.29791,0.24665,1.15142,0.73895,0.24664,1.01503,0.59834,0.2287,0.86156,0.29719,0.24667,0.93912,0.88673,0.24663,0.97381,-0.28411,0.24667,0.93756,-0.24858,0.24665,1.15142,0.25024,0.24665,1.15142,-0.27905,0.24665,1.15142,-0.79857,0.2295,1.69672,-0.79857,0.03559,2.54552,-0.47873,0.24552,0.9035,-0.86797,0.24666,0.97389,0.30175,0.03762,2.60668,-0.86823,0.03762,2.60668,-0.59918,-0.08782,2.5771,0.61457,-0.08782,2.5771,-0.868,-0.40177,2.50308,-0.5991,-0.33415,2.51902,0.88687,-0.40177,2.50308,0.61462,-0.33415,2.51902,0.88673,0.03762,2.60668,-0.24858,1.04337,0.99938,-0.24858,0.24665,1.15142,0.25024,0.24665,1.15142,0.25024,1.04337,0.99938,0.61462,-0.33415,2.51902,0.61457,-0.08782,2.5771,-0.59918,-0.08782,2.5771,-0.5991,-0.33415,2.51902,-0.25808,0.43289,0.46203,-0.25808,-0.29953,0.72455,-0.25808,0.19338,0.936,-0.25808,0.43526,0.936,-0.25808,0.46711,0.15946,-0.25808,0.65734,0.36554,-0.25808,0.63118,0.16732,-0.25808,-0.2984,-0.15922,0.26664,-0.29953,0.72455,0.26664,-0.2984,-0.15922,0.26664,0.46711,0.15946,0.26664,0.43289,0.46203,0.26664,0.43526,0.936,0.26664,0.19338,0.936,0.26664,0.65734,0.36554,0.26664,0.63118,0.16732,0.26664,0.68361,0.17761,0.26664,0.70254,0.33945,0.26664,0.72178,0.21362,0.26664,0.72864,0.29424,0.26664,0.73028,0.23951,0.26664,0.73208,0.26815,-0.25808,0.70254,0.33945,-0.25808,0.68361,0.17761,-0.25808,0.72864,0.29424,-0.25808,0.72178,0.21362,-0.25808,0.73208,0.26815,-0.25808,0.73028,0.23951,-0.31564,0.53069,1.2123,-0.92477,0.53069,1.08968,-0.83358,0.5309,1.67043,-0.31474,0.5309,1.67043,-0.86798,0.24666,1.10356,-0.98325,0.24289,1.08058,-0.23839,0.24289,1.2289,-0.86812,0.23927,1.71895,-0.23742,0.2429,1.71977,-0.23758,0.24666,1.6865,-0.88566,0.2429,1.71897,-0.86793,0.24512,-2.51992,-1.27572,0.24512,-2.51937,-1.00266,0.77333,-2.3638,0.8868,0.24512,-2.52011,1.02152,0.77333,-2.3638,1.29458,0.24512,-2.51937,0.88686,-0.3799,-2.35379,-0.86796,-0.3799,-2.35379,-0.86795,-0.29977,-0.85255,-0.868,-0.12335,2.09408,-0.868,-0.44621,1.34029,-0.868,-0.12319,2.48566,-0.868,-0.29961,0.74966,-0.868,-0.44621,0.74966,1.29458,0.24513,-0.85255,1.29458,0.24512,-2.51937,1.02152,0.77333,-2.3638,1.0209,0.77333,-0.85255,0.88673,0.2432,-0.85255,0.88687,-0.56156,-0.85255,0.88686,-0.56156,-1.94486,0.88686,-0.3799,-2.35379,0.8868,0.24512,-2.52011,-1.27572,0.24507,-0.85255,-1.00204,0.77333,-0.85255,-1.00266,0.77333,-2.3638,-1.27572,0.24512,-2.51937,-0.86797,0.24412,-0.85255,-0.86793,0.24512,-2.51992,-0.86796,-0.56156,-1.94486,-0.86796,-0.3799,-2.35379,-0.86797,0.24666,0.97389,-0.868,-0.56155,2.34386,-0.868,-0.40177,2.50308,-0.86823,0.03762,2.60668,-0.86812,0.23927,1.71895,-0.86798,0.24666,1.10356,-0.86799,0.24666,1.44897,-0.868,0.24666,1.68651,-0.86797,0.24321,0.82309,-0.86797,-0.56156,-0.85255,0.88687,-0.56155,2.34386,0.88673,0.24666,1.68651,0.88673,0.24663,0.97381,0.88673,0.24505,1.1286,0.88673,0.2432,0.86544,0.88673,0.03762,2.60668,0.88687,-0.40177,2.50308,-0.868,0.24666,1.68651,-0.86812,0.23927,1.71895,-0.23758,0.24666,1.6865,-0.86823,0.03762,2.60668,0.30175,0.03762,2.60668,0.81312,0.24666,1.68651,0.88673,0.03762,2.60668,0.88673,0.24666,1.68651,-0.9763,0.2431,0.93648,-0.8149,0.98748,0.78619,-1.01722,0.78021,0.6831,-1.27572,0.24399,0.64992,-0.86797,0.24666,0.97389,-0.70056,1.04337,0.86903,-0.27906,0.24665,1.15142,-0.27906,1.04337,0.99938,-0.24858,0.24665,1.15142,-0.24858,1.04337,0.99938,1.22113,0.24329,0.72688,1.03608,0.78021,0.6831,0.83375,0.98748,0.78619,0.99516,0.2431,0.93648,1.29458,0.24399,0.65467,0.71941,1.04337,0.86903,0.88673,0.24663,0.97381,0.73895,0.24664,1.01503,0.29791,1.04337,0.99938,0.29791,0.24665,1.15142,0.25024,1.04337,0.99938,0.25024,0.24665,1.15142,-1.00204,0.77333,-0.85255,-1.27572,0.24507,-0.85255,-1.27572,0.24512,0.57545,-1.00235,0.77333,0.63691,-1.27572,0.24399,0.64992,-1.01722,0.78021,0.6831,1.29458,0.24512,0.57545,1.29458,0.24513,-0.85255,1.0209,0.77333,-0.85255,1.0212,0.77333,0.63691,1.03608,0.78021,0.6831,1.29458,0.24399,0.65467,-1.02918,0.2431,0.83844,1.04803,0.24329,0.83844,-1.27572,0.24507,-0.85255,-0.86797,0.24412,-0.85255,-0.86797,0.24321,0.82309,-1.27572,0.24512,0.57545,-0.868,0.24666,1.68651,-0.88566,0.2429,1.71897,-0.98325,0.24289,1.08058,-0.86799,0.24666,1.44897,-0.86798,0.24666,1.10356,-0.86797,0.24666,0.97389,-0.9763,0.2431,0.93648,-1.27572,0.24399,0.64992,-1.27572,0.24512,-2.51937,-0.86793,0.24512,-2.51992,1.29458,0.24512,0.57545,0.88673,0.2432,0.86544,0.88673,0.2432,-0.85255,1.29458,0.24513,-0.85255,1.22113,0.24329,0.72688,1.29458,0.24399,0.65467,0.99516,0.2431,0.93648,0.88673,0.24663,0.97381,0.8868,0.24512,-2.52011,1.29458,0.24512,-2.51937,-0.86812,0.23927,1.71895,-0.23758,0.24666,1.6865,-0.23742,0.2429,1.71977,-0.86797,-0.56156,-0.85255,0.88687,-0.56156,-0.85255,0.88687,-0.56155,2.34386,-0.868,-0.56155,2.34386,-0.86796,-0.56156,-1.94486,0.88686,-0.56156,-1.94486,-1.00204,0.77333,-0.85255,-0.44995,0.77333,-0.85255,1.02151,0.77333,-2.3638,-1.00266,0.77333,-2.3638,0.3886,0.77333,-0.85255,1.0209,0.77333,-0.85255,0.88687,-0.56155,2.34386,0.88687,-0.40177,2.50308,-0.868,-0.40177,2.50308,-0.868,-0.56155,2.34386,-0.27497,0.28094,1.7814,-0.83856,0.28094,1.7814,-0.83856,0.21893,1.80661,-0.27497,0.21893,1.80661],