{"version":4,"geometry":{"hull":{"position":[0.65123,0.39007,-1.61466,0.65123,0.71124,-1.61466,0.25156,0.71124,-0.78898,0.25156,0.39007,-0.78898,0.68571,0.39007,-0.91536,0.50622,0.71095,-0.55588,0.68571,0.71266,-0.91536,0.50622,0.39007,-0.55588,0.65123,0.39007,-2.07243,0.65123,0.71124,-2.07243,0.6866,0.39007,-2.36451,0.6866,0.71095,-2.36451,-0.65565,0.39007,-2.07243,-0.65565,0.71124,-2.07243,-0.6866,0.39007,-2.36451,-0.25598,0.71124,-0.78898,-0.65565,0.71124,-1.61466,-0.65565,0.39007,-1.61466,-0.25598,0.39007,-0.78898,-0.68571,0.39007,-0.91536,-0.50622,0.39007,-0.55588,-0.68571,0.71266,-0.91536,-0.50622,0.71095,-0.55588,-0.6866,0.71095,-2.36451,0.25156,0.39007,-0.65698,0.25156,0.41878,-0.5615,-0.25598,0.41878,-0.5615,-0.25598,0.39007,-0.65698,-0.25598,0.45459,-0.52499,0.25156,0.45459,-0.52499,0.25156,0.54952,-0.49409,-0.25598,0.54952,-0.49409,-0.25598,0.59954,-0.50252,0.25156,0.59954,-0.50252,0.35413,0.39007,-0.42108,-0.35413,0.39007,-0.42108,-0.35413,0.71095,-0.42108,0.35413,0.71095,-0.42108,0.25156,0.71124,-0.65698,-0.25598,0.71124,-0.65698,-0.25598,0.68026,-0.5615,0.25156,0.68026,-0.5615,0.905,0.13087,-2.95989,0.905,0.71095,-3.2941,-0.905,0.71095,-3.2941,-0.905,0.13087,-2.95989,0.905,0.33039,-2.36451,0.905,0.71095,-2.36451,0.905,0.13087,-2.56391,-0.905,0.71095,-2.36451,-0.905,0.33039,-2.36451,-0.905,0.13087,-2.56391,1.25562,0.71095,1.94332,-1.25562,0.71095,1.94332,1.25562,0.71266,-0.91615,1.25562,0.71266,-3.35041,-1.25562,0.71266,-0.91615,-1.25562,0.71266,-3.35041,-1.25562,0.31262,2.5122,-0.905,0.31262,2.5122,-1.25562,0.71095,1.94332,1.25562,0.71095,1.94332,0.905,0.31262,2.5122,1.25562,0.31262,2.5122,-0.905,-0.17143,3.20346,0.905,-0.17143,3.20346,0.905,-0.17143,3.20346,-0.905,-0.17143,3.20346,-0.905,-0.63253,2.54494,0.905,-0.63253,2.54494,0.905,0.31262,2.5122,0.905,-0.63253,2.54494,0.905,-0.63253,-2.57476,0.905,0.10532,-3.00075,-0.905,-0.63253,-2.57476,-0.905,-0.63253,2.54494,-0.905,0.31262,2.5122,-0.905,0.10532,-3.00075,-0.905,-0.17143,3.20346,0.905,-0.17143,3.20346,-1.25562,0.10532,-3.00075,-0.905,0.10532,-3.00075,-0.905,0.31262,2.5122,-1.25562,0.31262,2.5122,-0.905,-0.63253,2.54494,-0.905,-0.63253,-2.57476,0.905,-0.63253,-2.57476,0.905,-0.63253,2.54494,1.25562,0.10532,-3.00075,1.25562,0.31262,2.5122,0.905,0.31262,2.5122,0.905,0.10532,-3.00075,-1.25562,0.71266,-3.35041,1.25562,0.71266,-3.35041,0.905,0.10532,-3.00075,-0.905,0.10532,-3.00075,-1.25562,0.10532,-3.00075,0.905,-0.63253,-2.57476,-0.905,-0.63253,-2.57476,1.25562,0.10532,-3.00075,-1.25562,0.71095,1.94332,-1.25562,0.71266,-0.91615,-1.25562,0.10532,-3.00075,-1.25562,0.31262,2.5122,-1.25562,0.71266,-3.35041,1.25562,0.71095,1.94332,1.25562,0.31262,2.5122,1.25562,0.10532,-3.00075,1.25562,0.71266,-0.91615,1.25562,0.71266,-3.35041,-1.54443,0.71266,-0.91615,1.54443,0.71266,-0.91615,-1.54443,1.31339,-0.91615,-1.54443,1.31339,-3.82392,-1.54443,0.71266,-3.99804,-1.25562,0.71266,-0.91615,-1.46686,1.31339,-0.91615,-1.25562,0.71266,-3.35041,-1.17665,0.71266,-3.99804,1.54443,1.31339,-3.82392,1.54443,1.31339,-0.91615,1.54443,0.71266,-3.99804,1.25562,0.71266,-0.91615,1.25562,0.71266,-3.35041,1.17665,0.71266,-3.99804,-1.17665,0.71266,-4.17205,1.17665,0.71266,-4.17205,0.68595,0.85452,-0.91615,0.68595,0.71266,-0.91615,1.46686,1.31339,-0.91615,-0.68595,0.71266,-0.91615,-0.68595,0.85452,-0.91615],"index":[51,50,46,51,46,48,50,51,45,50,45,45,49,50,45,49,45,44,11,47,46,11,46,10,45,51,48,45,48,42,10,46,50,10,50,14,14,50,49,14,49,23,24,7,4,24,4,3,38,41,24,38,24,24,24,41,33,24,33,25,34,7,24,34,24,24,42,48,46,42,46,46,42,46,47,42,47,43,44,45,42,44,42,43,9,13,16,9,16,1,1,16,15,1,15,2,23,49,56,23,56,21,39,38,2,39,2,15,55,57,44,55,44,43,33,41,40,33,40,32,39,40,41,39,41,38,52,54,6,52,6,5,36,22,53,36,53,37,52,5,37,52,37,53,54,55,43,54,43,47,57,56,49,57,49,44,21,56,53,21,53,22,6,54,47,6,47,11,7,34,37,7,37,5,19,20,18,19,18,17,17,18,15,17,15,16,10,14,12,10,12,8,19,21,22,19,22,20,14,23,21,14,21,19,19,17,12,19,12,14,12,17,16,12,16,13,4,7,5,4,5,6,0,3,4,0,4,4,2,3,0,2,0,1,8,9,1,8,1,0,8,12,13,8,13,9,6,11,10,6,10,4,4,10,8,4,8,0,20,35,27,20,27,18,36,35,20,36,20,22,25,33,30,25,30,29,26,40,39,26,39,27,27,39,15,27,15,18,28,31,32,28,32,32,32,40,26,32,26,28,29,30,31,29,31,28,25,29,28,25,28,26,26,27,24,26,24,25,30,33,32,30,32,31,38,24,3,38,3,2,35,36,37,35,37,34,27,35,34,27,34,24,63,61,62,63,62,62,64,65,62,64,62,59,58,59,60,58,60,60,59,62,61,59,61,60,68,69,66,68,66,67,78,76,75,78,75,75,79,71,70,79,70,70,72,73,70,72,70,71,76,77,74,76,74,75,90,91,88,90,88,89,86,87,84,86,84,85,82,83,80,82,80,81,97,98,95,97,95,94,99,94,93,99,93,93,94,95,92,94,92,93,96,92,95,96,95,95,107,108,105,107,105,106,108,107,109,108,109,109,102,103,100,102,100,101,101,104,102,101,102,102,125,126,124,125,124,118,124,123,117,124,117,118,121,123,124,121,124,124,115,130,131,115,131,116,129,122,111,129,111,120,122,129,127,122,127,128,117,115,110,117,110,114,115,116,112,115,112,110,113,114,110,113,110,112,122,123,121,122,121,111,111,121,119,111,119,120,118,117,114,118,114,114],"groups":[{"start":0,"count":342,"material":0},{"start":342,"count":24,"material":1},{"start":366,"count":6,"material":2},{"start":372,"count":24,"material":0},{"start":396,"count":18,"material":0},{"start":414,"count":24,"material":3},{"start":438,"count":24,"material":2},{"start":462,"count":72,"material":3}],"materials":[{"type":"armor","value":16},{"type":"armor","value":50},{"type":"armor","value":30},{"type":"armor","value":20}]},"chassis":{"position":[-1.63401,0.93792,-2.85903,-0.9103,0.93792,-2.85903,-0.9103,0.78671,-2.9317,-1.63401,0.78671,-2.9317,-1.63401,1.03318,-2.74396,-0.9103,1.03318,-2.74396,-1.63401,1.09713,-2.48354,-0.9103,1.09713,-2.48354,-0.97182,0.39169,-2.82269,-1.63401,0.39169,-2.82269,-1.63401,0.51692,-2.91354,-0.97182,0.51692,-2.91354,-0.97182,0.31841,-2.72579,-1.63401,0.31841,-2.72579,-0.9103,0.64482,-2.94382,-1.63401,0.64482,-2.94382,-0.9103,0.52425,-2.91354,-1.63401,0.03531,-2.21101,-0.97182,0.03531,-2.21101,-0.97182,-0,-1.98087,-1.63401,1.261,3.07003,-1.63401,1.36358,2.73693,-1.63401,-0,-1.98087,-1.63401,1.11978,3.19115,-1.63401,0.7614,3.2396,-1.63401,0.94658,3.25172,-1.63401,0.52425,3.0882,-1.63401,0.58021,3.15482,-1.63401,0.51692,3.07003,-1.63401,-0,1.97991,-0.97182,0.51692,3.07003,-0.97182,0.05729,2.21004,-0.97182,-0,1.97991,-0.9103,1.36358,2.73693,-0.9103,0.52425,3.0882,-1.63401,0.05729,2.21004,-0.9103,1.3436,2.91257,-0.9103,1.261,3.07003,-0.9103,1.11978,3.19115,-0.9103,0.94658,3.25172,-0.9103,0.58021,3.15482,-0.9103,0.7614,3.2396,-1.63401,1.3436,2.91257,1.63401,1.09713,-2.48354,1.63401,1.36358,2.73693,1.63401,0.03531,-2.21101,1.63401,0.31841,-2.72579,1.63401,-0,1.97991,1.63401,-0,-1.98087,0.97182,0.51692,3.07003,0.97182,0.51692,-2.91354,0.97182,0.05729,2.21004,0.97182,-0,1.97991,0.97182,0.39169,-2.82269,0.97182,0.31841,-2.72579,0.97182,-0,-1.98087,0.97182,0.03531,-2.21101,0.9103,1.09713,-2.48354,0.9103,0.52425,3.0882,0.9103,1.36358,2.73693,0.9103,1.03318,-2.74396,0.9103,0.93792,-2.85903,0.9103,0.78671,-2.9317,0.9103,0.64482,-2.94382,0.9103,0.52425,-2.91354,1.63401,0.93792,-2.85903,1.63401,0.78671,-2.9317,1.63401,1.03318,-2.74396,1.63401,0.51692,-2.91354,1.63401,0.39169,-2.82269,1.63401,0.64482,-2.94382,1.63401,0.05729,2.21004,1.63401,0.51692,3.07003,1.63401,1.3436,2.91257,1.63401,1.261,3.07003,0.9103,1.3436,2.91257,0.9103,1.261,3.07003,0.9103,0.58021,3.15482,1.63401,0.58021,3.15482,1.63401,0.7614,3.2396,0.9103,0.7614,3.2396,1.63401,0.52425,3.0882,1.63401,1.11978,3.19115,1.63401,0.94658,3.25172,0.9103,0.94658,3.25172,0.9103,1.11978,3.19115],