{"version":4,"geometry":{"hull":{"position":[-0.39673,-0.20044,-0.22435,-0.24525,-0.20044,-0.43315,0.72445,-0.43009,-2.02985,-0.72444,-0.43009,-2.02985,-0.72444,-0.41198,-2.04213,0.72445,-0.41198,-2.04213,0.39673,-0.20044,-0.22435,0.24526,-0.20044,-0.43315,0.72445,-0.42628,1.38463,-0.72444,-0.42628,1.38463,-0.00035,-0.20044,-0.51503,-0.14899,0.35556,-0.30214,-0.00035,0.35556,-0.34717,-0.24101,0.35556,-0.17522,0.149,0.35556,-0.30214,0.24101,0.35556,-0.17522,-0.39673,-0.20044,0.03358,0.24101,0.35556,-0.01555,0.149,0.35556,0.10727,0.24526,-0.20044,0.24238,0.39673,-0.20044,0.03358,-0.24525,-0.20044,0.24238,-0.14899,0.35556,0.10727,-0.24101,0.35556,-0.01555,-0.00035,-0.20044,0.32016,-0.00035,0.35556,0.1564,-0.72444,0.31793,1.78176,-0.41796,0.50755,0.74595,-0.41938,0.39273,1.37644,0.21624,0.52327,1.22496,-0.00035,0.51898,1.31503,0.37691,0.3851,1.41738,0.41938,0.39273,1.37644,-0.37691,0.3851,1.41738,-0.21623,0.52327,1.22496,0.72445,0.31793,1.78176,0.72445,-0.41294,1.74491,0.41797,0.50755,0.74595,0.30613,0.53232,1.01207,0.21624,0.54138,0.79508,-0.30613,0.53232,1.01207,-0.21623,0.54138,0.79508,-0.00035,0.54519,0.70501,0.33515,0.52184,0.66407,-0.33515,0.52184,0.66407,-0.72444,-0.33099,1.88411,0.72445,-0.33099,1.88411,0.72445,-0.10087,2.07653,-0.72444,-0.10087,2.08063,0.72445,0.00014,2.14204,-0.72444,0.00014,2.14204,-0.72444,0.13068,2.14613,0.72445,0.12735,2.14613,-0.72444,-0.41913,1.74491,-0.72444,-0.20191,-2.0421,0.72445,-0.20191,-2.04224,0.72445,-0.2005,0.46699,-0.72444,-0.2005,0.46703,0.72445,0.1697,-1.21641,0.72445,0.25005,0.45541,0.72445,-0.11573,-2.0806,-0.72444,0.25017,0.46169,-0.72444,0.17878,-1.22349,-0.72444,-0.11556,-2.08328,-0.72444,0.56219,0.44739,0.72445,0.56219,0.44739,-0.95098,0.60355,0.44646,0.95098,0.60355,0.4441,1.24033,0.29057,0.45681,1.24123,0.25388,0.45835,-1.24033,0.29057,0.45917,-1.24123,0.25389,0.46071],"index":[47,48,45,47,45,46,47,49,50,47,50,48,44,42,43,44,43,43,44,27,41,44,41,42,49,52,51,49,51,50,35,52,49,35,49,47,9,53,26,9,26,26,26,51,52,26,52,35,35,47,46,35,46,36,39,37,43,39,43,42,38,29,32,38,32,37,39,38,37,39,37,37,59,65,8,59,8,56,35,65,37,35,37,32,40,27,28,40,28,34,39,42,41,39,41,40,27,40,41,27,41,41,39,40,34,39,34,38,38,34,30,38,30,29,64,70,71,64,71,61,66,70,64,66,64,64,59,68,67,59,67,65,69,68,59,69,59,59,43,37,65,43,65,65,57,61,59,57,59,56,56,19,24,56,24,57,44,64,27,44,27,27,65,64,44,65,44,43,65,67,66,65,66,64,35,31,33,35,33,26,28,26,33,28,33,33,26,53,45,26,45,48,50,51,26,50,26,48,32,31,35,32,35,35,46,45,53,46,53,36,64,65,59,64,59,61,30,33,31,30,31,31,8,36,53,8,53,9,13,11,1,13,1,0,14,15,6,14,6,7,11,12,10,11,10,1,13,12,11,13,11,11,12,14,7,12,7,10,57,61,62,57,62,54,63,54,62,63,62,62,58,59,56,58,56,55,60,58,55,60,55,55,55,1,10,55,10,7,3,54,4,3,4,4,54,55,5,54,5,4,1,55,54,1,54,0,4,5,2,4,2,3,55,7,6,55,6,56,2,8,9,2,9,3,57,54,3,57,3,9,8,2,56,8,56,56,56,2,5,56,5,55,21,16,57,21,57,24,26,61,57,26,57,9,14,12,15,14,15,15,56,6,20,56,20,19,27,64,26,27,26,28,33,30,34,33,34,28,8,65,35,8,35,36,64,61,26,64,26,26,29,30,31,29,31,32,12,18,17,12,17,15,15,17,20,15,20,6,22,23,16,22,16,21,54,57,16,54,16,0,19,20,17,19,17,18,0,16,23,0,23,13,12,22,25,12,25,18,23,22,12,23,12,13,21,24,25,21,25,22,18,25,24,18,24,19],"groups":[{"start":0,"count":456,"material":0}],"materials":[{"type":"armor","value":1}]},"chassis":{"position":[-0.72444,0.02929,-1.39436,-0.72444,0.1175,-1.83362,-0.72444,0.64722,-1.78929,-0.72444,0.75105,-1.20495,-1.24429,0.02929,-1.39436,-1.24429,0.75105,-1.20495,-1.24429,0.64722,-1.78929,-1.24429,0.1175,-1.83362,-1.24429,0.0031,-1.19689,-0.72444,0.0031,-1.19689,-1.24429,0.60954,-1.9384,-0.72444,0.60954,-1.9384,-1.24429,0.52271,-2.05123,-0.72444,0.52271,-2.05123,-0.72444,0.39867,-2.09556,-1.24429,0.39867,-2.09556,-0.72444,0.28014,-2.07541,-1.24429,0.28014,-2.07541,-1.24429,0.18917,-2.00288,-0.72444,0.18917,-2.00288,-0.72444,0.94355,1.7772,-0.72444,0.0031,1.19286,-1.24429,0.0031,1.19286,-1.24429,0.94355,1.7772,-1.24429,0.04675,1.37824,-0.72444,0.04675,1.37824,-0.72444,0.5195,1.95049,-1.24429,0.5195,1.95049,-0.72444,0.75197,2.02706,-0.72444,0.85304,1.9787,-1.24429,0.85304,1.9787,-1.24429,0.75197,2.02706,-1.24429,0.63757,2.02706,-0.72444,0.63757,2.02706,-1.24429,0.91966,1.89407,-0.72444,0.91966,1.89407,0.72445,0.64722,-1.78929,0.72445,0.1175,-1.83362,0.72445,0.02929,-1.39436,0.72445,0.75105,-1.20495,1.2443,0.64722,-1.78929,1.2443,0.75105,-1.20495,1.2443,0.02929,-1.39436,1.2443,0.1175,-1.83362,1.2443,0.0031,-1.19689,0.72445,0.0031,-1.19689,1.2443,0.60954,-1.9384,0.72445,0.60954,-1.9384,1.2443,0.52271,-2.05123,1.2443,0.39867,-2.09556,0.72445,0.39867,-2.09556,0.72445,0.52271,-2.05123,0.72445,0.28014,-2.07541,1.2443,0.28014,-2.07541,0.72445,0.18917,-2.00288,1.2443,0.18917,-2.00288,0.72445,0.0031,1.19286,0.72445,0.94355,1.7772,1.2443,0.0031,1.19286,1.2443,0.94355,1.7772,1.2443,0.04675,1.37824,1.2443,0.5195,1.95049,0.72445,0.5195,1.95049,0.72445,0.04675,1.37824,0.72445,0.75197,2.02706,1.2443,0.75197,2.02706,1.2443,0.85304,1.9787,0.72445,0.85304,1.9787,0.72445,0.63757,2.02706,1.2443,0.63757,2.02706,1.2443,0.91966,1.89407,0.72445,0.91966,1.89407],"index":[21,25,24,21,24,22,26,27,24,26,24,25,20,26,25,20,25,21,24,27,23,24,23,22,0,3,9,0,9,9,23,20,3,23,3,5,22,23,5,22,5,8,4,8,5,4,5,5,21,22,8,21,8,9,34,35,20,34,20,23,29,35,34,29,34,30,28,33,26,28,26,29,35,29,26,35,26,20,27,32,31,27,31,30,32,33,28,32,28,31,30,31,28,30,28,29,27,30,34,27,34,23,33,32,27,33,27,26,14,15,12,14,12,13,2,11,10,2,10,6,11,13,12,11,12,10,16,17,15,16,15,14,2,6,5,2,5,3,6,7,4,6,4,5,2,3,0,2,0,1,0,9,8,0,8,4,0,4,7,0,7,1,17,18,10,17,10,10,10,18,7,10,7,6,3,20,21,3,21,9,15,17,10,15,10,12,11,16,14,11,14,13,19,18,17,19,17,16,18,19,1,18,1,7,16,11,19,16,19,19,1,19,11,1,11,2,60,63,56,60,56,58,62,63,60,62,60,61,63,62,57,63,57,56,59,61,60,59,60,58,38,45,39,38,39,39,39,57,59,39,59,41,41,59,58,41,58,44,42,41,44,42,44,44,44,58,56,44,56,45,57,71,70,57,70,59,70,71,67,70,67,66,62,68,64,62,64,67,62,67,71,62,71,57,65,69,61,65,61,66,64,68,69,64,69,65,66,67,64,66,64,65,70,66,61,70,61,59,61,69,68,61,68,62,50,51,48,50,48,49,46,47,36,46,36,40,48,51,47,48,47,46,49,53,52,49,52,50,41,40,36,41,36,39,42,43,40,42,40,41,38,39,36,38,36,37,44,45,38,44,38,42,43,42,38,43,38,37,53,46,55,53,55,55,43,55,46,43,46,40,56,57,39,56,39,45,46,53,49,46,49,48,50,52,47,50,47,51,53,55,54,53,54,52,37,54,55,37,55,43,52,54,47,52,47,47,47,54,37,47,37,36],"groups":[{"start":0,"count":216,"material":0},{"start":216,"count":216,"material":0}],"materials":[{"type":"track","value":10}]},"turret_01":{"position":[-0.26187,0.19405,0.1108,0.07304,0.51445,-0.20347,0.16467,0.12173,-0.23943,-0.00138,0.12173,-0.2921,-0.07291,0.51445,-0.20347,-0.16756,0.12173,-0.23978,0.21549,0.51445,-0.11596,0.27064,0.12173,-0.1043,-0.21537,0.51445,-0.11649,-0.27364,0.12173,-0.1045,-0.26188,0.64975,-0.09559,-0.22123,0.64975,-0.09601,-0.26188,0.64975,0.09559,-0.28802,0.12174,0.05441,-0.2114,0.12173,0.20202,-0.21537,0.51445,0.11576,-0.10315,0.51445,0.20334,-0.22123,0.64975,0.09601,0.10329,0.51445,0.20334,-0.06114,0.12173,0.28593,0.11428,0.12173,0.26759,0.26208,0.64975,-0.09559,0.26208,0.64975,0.09559,0.27064,0.12173,0.10415,0.22135,0.64975,-0.09601,0.22135,0.64975,0.09601,0.2007,0.49195,0.12997],"index":[16,14,19,16,19,19,18,16,19,18,19,20,12,0,15,12,15,17,22,23,7,22,7,21,18,20,23,18,23,26,26,23,22,26,22,25,21,7,6,21,6,24,15,0,14,15,14,16,2,1,6,2,6,7,4,3,5,4,5,5,1,2,3,1,3,4,8,4,5,8,5,9,0,9,13,0,13,14,10,9,0,10,0,12,8,9,10,8,10,11],"groups":[{"start":0,"count":90,"material":0}],"materials":[{"type":"armor","value":1}]},