{"version":4,"geometry":{"hull":{"position":[0.40425,-0.20572,-0.26522,0.25626,-0.20572,-0.46933,-0.69118,-0.43009,-2.03013,0.72444,-0.43009,-2.03013,0.72444,-0.4124,-2.04213,-0.69118,-0.4124,-2.04213,-0.37099,-0.20572,-0.26522,-0.223,-0.20572,-0.46933,-0.69118,-0.42636,1.30759,0.72444,-0.42636,1.30759,0.01698,-0.20572,-0.54937,0.1622,0.33753,-0.34126,0.01698,0.33753,-0.38528,0.25211,0.33753,-0.2172,-0.12894,0.33753,-0.34126,-0.21885,0.33753,-0.2172,0.40425,-0.20572,-0.01309,-0.21885,0.33753,-0.06112,-0.12894,0.33753,0.05895,-0.223,-0.20572,0.19101,-0.37099,-0.20572,-0.01309,0.25626,-0.20572,0.19101,0.1622,0.33753,0.05895,0.25211,0.33753,-0.06112,0.01698,-0.20572,0.26705,0.01698,0.33753,0.10697,0.72444,0.30075,1.69579,0.425,0.48602,0.68327,0.42638,0.37383,1.29958,-0.19464,0.50138,1.15151,0.01698,0.49719,1.23955,-0.35163,0.36639,1.3396,-0.39312,0.37383,1.29958,0.38489,0.36639,1.3396,0.2279,0.50138,1.15151,-0.69118,0.30075,1.69579,-0.69118,-0.41333,1.65977,-0.39174,0.48602,0.68327,-0.28247,0.51023,0.9434,-0.19464,0.51907,0.73129,0.31573,0.51023,0.9434,0.2279,0.51907,0.73129,0.01698,0.5228,0.64325,-0.31082,0.49999,0.60323,0.34409,0.49999,0.60323,0.72444,-0.33326,1.79584,-0.69118,-0.33326,1.79584,-0.69118,-0.10843,1.98393,0.72444,-0.10843,1.98794,-0.69118,-0.00974,2.04797,0.72444,-0.00974,2.04797,0.72444,0.11781,2.05197,-0.69118,0.11455,2.05197,0.72444,-0.41938,1.65977,0.72444,-0.20191,-2.0421,-0.72445,-0.20191,-2.04224,-0.72445,-0.2005,0.46699,0.72444,-0.2005,0.46703,-0.72445,0.1697,-1.21641,-0.72445,0.25005,0.45541,-0.72445,-0.11573,-2.0806,0.72444,0.25017,0.46169,0.72444,0.17878,-1.22349,0.72444,-0.11556,-2.08328,0.72444,0.56219,0.44739,-0.72445,0.56219,0.44739,0.95098,0.60355,0.44646,-0.95098,0.60355,0.4441,-1.24033,0.29057,0.45681,-1.24123,0.25388,0.45835,1.24033,0.29057,0.45917,1.24123,0.25389,0.46071],"index":[45,48,47,46,45,47,50,49,47,48,50,47,43,42,44,43,43,44,41,27,44,42,41,44,51,52,49,50,51,49,49,52,35,47,49,35,26,53,9,26,26,9,52,51,26,35,52,26,46,47,35,36,46,35,43,37,39,42,43,39,32,29,38,37,32,38,37,38,39,37,37,39,8,65,59,56,8,59,37,65,35,32,37,35,28,27,40,34,28,40,41,42,39,40,41,39,41,40,27,41,41,27,34,40,39,38,34,39,30,34,38,29,30,38,71,70,64,61,71,64,64,70,66,64,64,66,67,68,59,65,67,59,59,68,69,59,59,69,65,37,43,65,65,43,59,61,57,56,59,57,24,19,56,57,24,56,27,64,44,27,27,44,44,64,65,43,44,65,66,67,65,64,66,65,33,31,35,26,33,35,33,26,28,33,33,28,45,53,26,48,45,26,26,51,50,48,26,50,35,31,32,35,35,32,53,45,46,36,53,46,59,65,64,61,59,64,31,33,30,31,31,30,53,36,8,9,53,8,1,11,13,0,1,13,6,15,14,7,6,14,10,12,11,1,10,11,11,12,13,11,11,13,7,14,12,10,7,12,62,61,57,54,62,57,62,54,63,62,62,63,56,59,58,55,56,58,55,58,60,55,55,60,10,1,55,7,10,55,4,54,3,4,4,3,5,55,54,4,5,54,54,55,1,0,54,1,2,5,4,3,2,4,6,7,55,56,6,55,9,8,2,3,9,2,3,54,57,9,3,57,56,2,8,56,56,8,5,2,56,55,5,56,57,16,21,24,57,21,57,61,26,9,57,26,15,12,14,15,15,14,20,6,56,19,20,56,26,64,27,28,26,27,34,30,33,28,34,33,35,65,8,36,35,8,26,61,64,26,26,64,31,30,29,32,31,29,17,18,12,15,17,12,20,17,15,6,20,15,16,23,22,21,16,22,16,57,54,0,16,54,17,20,19,18,17,19,23,16,0,13,23,0,25,22,12,18,25,12,12,22,23,13,12,23,25,24,21,22,25,21,24,25,18,19,24,18],"groups":[{"start":0,"count":456,"material":0}],"materials":[{"type":"armor","value":1}]},"chassis":{"position":[0.73638,0.02869,-1.41012,0.73638,0.11487,-1.83951,0.73638,0.63243,-1.79617,0.73638,0.73387,-1.22497,1.24429,0.02869,-1.41012,1.24429,0.73387,-1.22497,1.24429,0.63243,-1.79617,1.24429,0.11487,-1.83951,1.24429,0.0031,-1.21709,0.73638,0.0031,-1.21709,1.24429,0.59562,-1.94193,0.73638,0.59562,-1.94193,1.24429,0.51078,-2.05223,0.73638,0.51078,-2.05223,0.73638,0.38959,-2.09556,1.24429,0.38959,-2.09556,0.73638,0.27378,-2.07587,1.24429,0.27378,-2.07587,1.24429,0.1849,-2.00496,0.73638,0.1849,-2.00496,0.73638,0.92195,1.69013,0.73638,0.0031,1.11893,1.24429,0.0031,1.11893,1.24429,0.92195,1.69013,1.24429,0.04575,1.30014,0.73638,0.04575,1.30014,0.73638,0.50764,1.85952,1.24429,0.50764,1.85952,0.73638,0.73477,1.93437,0.73638,0.83352,1.8871,1.24429,0.83352,1.8871,1.24429,0.73477,1.93437,1.24429,0.623,1.93437,0.73638,0.623,1.93437,1.24429,0.89861,1.80437,0.73638,0.89861,1.80437,-0.72445,0.63243,-1.79617,-0.72445,0.11487,-1.83951,-0.72445,0.02869,-1.41012,-0.72445,0.73387,-1.22497,-1.23236,0.63243,-1.79617,-1.23236,0.73387,-1.22497,-1.23236,0.02869,-1.41012,-1.23236,0.11487,-1.83951,-1.23236,0.0031,-1.21709,-0.72445,0.0031,-1.21709,-1.23236,0.59562,-1.94193,-0.72445,0.59562,-1.94193,-1.23236,0.51078,-2.05223,-1.23236,0.38959,-2.09556,-0.72445,0.38959,-2.09556,-0.72445,0.51078,-2.05223,-0.72445,0.27378,-2.07587,-1.23236,0.27378,-2.07587,-0.72445,0.1849,-2.00496,-1.23236,0.1849,-2.00496,-0.72445,0.0031,1.11893,-0.72445,0.92195,1.69013,-1.23236,0.0031,1.11893,-1.23236,0.92195,1.69013,-1.23236,0.04575,1.30014,-1.23236,0.50764,1.85952,-0.72445,0.50764,1.85952,-0.72445,0.04575,1.30014,-0.72445,0.73477,1.93437,-1.23236,0.73477,1.93437,-1.23236,0.83352,1.8871,-0.72445,0.83352,1.8871,-0.72445,0.623,1.93437,-1.23236,0.623,1.93437,-1.23236,0.89861,1.80437,-0.72445,0.89861,1.80437],"index":[24,25,21,22,24,21,24,27,26,25,24,26,25,26,20,21,25,20,23,27,24,22,23,24,9,3,0,9,9,0,3,20,23,5,3,23,5,23,22,8,5,22,5,8,4,5,5,4,8,22,21,9,8,21,20,35,34,23,20,34,34,35,29,30,34,29,26,33,28,29,26,28,26,29,35,20,26,35,31,32,27,30,31,27,28,33,32,31,28,32,28,31,30,29,28,30,34,30,27,23,34,27,27,32,33,26,27,33,12,15,14,13,12,14,10,11,2,6,10,2,12,13,11,10,12,11,15,17,16,14,15,16,5,6,2,3,5,2,4,7,6,5,4,6,0,3,2,1,0,2,8,9,0,4,8,0,7,4,0,1,7,0,10,18,17,10,10,17,7,18,10,6,7,10,21,20,3,9,21,3,10,17,15,12,10,15,14,16,11,13,14,11,17,18,19,16,17,19,1,19,18,7,1,18,19,11,16,19,19,16,11,19,1,2,11,1,56,63,60,58,56,60,60,63,62,61,60,62,57,62,63,56,57,63,60,61,59,58,60,59,39,45,38,39,39,38,59,57,39,41,59,39,58,59,41,44,58,41,44,41,42,44,44,42,56,58,44,45,56,44,70,71,57,59,70,57,67,71,70,66,67,70,64,68,62,67,64,62,71,67,62,57,71,62,61,69,65,66,61,65,69,68,64,65,69,64,64,67,66,65,64,66,61,66,70,59,61,70,68,69,61,62,68,61,48,51,50,49,48,50,36,47,46,40,36,46,47,51,48,46,47,48,52,53,49,50,52,49,36,40,41,39,36,41,40,43,42,41,40,42,36,39,38,37,36,38,38,45,44,42,38,44,38,42,43,37,38,43,55,46,53,55,55,53,46,55,43,40,46,43,39,57,56,45,39,56,49,53,46,48,49,46,47,52,50,51,47,50,54,55,53,52,54,53,55,54,37,43,55,37,47,54,52,47,47,52,37,54,47,36,37,47],"groups":[{"start":0,"count":216,"material":0},{"start":216,"count":216,"material":0}],"materials":[{"type":"track","value":10}]},"turret_01":{"position":[0.26187,0.19405,0.1108,-0.07304,0.51445,-0.20347,-0.16467,0.12173,-0.23943,0.00138,0.12173,-0.2921,0.07291,0.51445,-0.20347,0.16756,0.12173,-0.23978,-0.21549,0.51445,-0.11596,-0.27064,0.12173,-0.1043,0.21537,0.51445,-0.11649,0.27364,0.12173,-0.1045,0.26188,0.64975,-0.09559,0.22123,0.64975,-0.09601,0.26188,0.64975,0.09559,0.28802,0.12174,0.05441,0.2114,0.12173,0.20202,0.21537,0.51445,0.11576,0.10315,0.51445,0.20334,0.22123,0.64975,0.09601,-0.10329,0.51445,0.20334,0.06114,0.12173,0.28593,-0.11428,0.12173,0.26759,-0.26208,0.64975,-0.09559,-0.26208,0.64975,0.09559,-0.27064,0.12173,0.10415,-0.22135,0.64975,-0.09601,-0.22135,0.64975,0.09601,-0.2007,0.49195,0.12997],"index":[19,14,16,19,19,16,19,16,18,20,19,18,15,0,12,17,15,12,7,23,22,21,7,22,23,20,18,26,23,18,22,23,26,25,22,26,6,7,21,24,6,21,14,0,15,16,14,15,6,1,2,7,6,2,5,3,4,5,5,4,3,2,1,4,3,1,5,4,8,9,5,8,13,9,0,14,13,0,0,9,10,12,0,10,10,9,8,11,10,8],"groups":[{"start":0,"count":90,"material":0}],"materials":[{"type":"armor","value":1}]},