{"version":4,"geometry":{"hull":{"position":[0.1872,0.80657,1.50187,-1.00363,0.50015,1.67891,0.11681,1.29212,1.22155,0.96594,0.43495,2.07014,0.75565,0.43495,2.07014,0.75565,0.68132,1.70488,0.96594,0.75738,1.59211,1.29304,0.75738,1.59211,1.38567,0.81382,1.50844,1.38567,0.43202,2.07447,1.29304,0.43495,2.07014,0.33301,0.41995,2.09237,0.46126,0.43495,2.07014,0.46126,0.68132,1.70488,0.12053,0.58913,1.24176,-0.26547,0.53694,1.50466,-0.26736,0.56094,1.38404,-1.38567,0.41995,2.09237,-1.38566,0.50015,1.68943,-0.38772,0.5371,1.50382,-0.52349,0.54203,1.47906,-0.63647,0.55432,1.4173,-0.71765,0.56853,1.34592,-0.78075,0.58498,1.26324,1.38567,1.31073,1.22155,0.03569,1.40109,0.90212,1.38567,1.4011,0.90212,-0.75642,1.31073,1.22155,-0.59241,1.31073,0.94322,-1.38567,1.31073,1.22155,-1.37104,1.31073,1.08509,-1.02099,1.31073,1.2126,-0.7485,1.31073,1.13956,1.38567,0.79858,-1.21405,1.38567,0.62614,-2.67714,1.38567,0.30553,-2.6131,1.38567,0.30553,2.24122,1.38567,0.43202,2.07447,1.38567,0.81382,1.50844,1.38567,1.30746,0.71991,1.38567,1.30165,-1.21405,1.38567,1.31073,1.22155,1.38567,1.4011,0.90212,-1.38567,0.94945,0.23086,-1.38566,0.50015,1.68943,-1.38567,0.30553,-2.6131,-1.38567,0.79858,-1.21405,-1.38567,0.30553,2.24122,-1.38567,0.41995,2.09237,-1.38567,0.62614,-2.67714,-1.38567,0.94945,1.08509,-1.38567,1.31073,1.22155,-1.38567,1.30165,-1.21405,-1.38567,1.29407,0.23086,-1.38567,1.55679,1.08509,-1.02728,1.55679,1.21553,-0.7485,1.55679,1.14083,-0.68129,1.55679,1.09377,-0.68122,1.31073,1.09377,-0.75642,1.31073,1.22155,-1.38567,1.55679,0.23086,-1.21797,1.38371,0.13404,-1.21797,1.55679,0.13404,-1.1241,1.4383,0.10889,-0.93046,1.53745,0.10889,-0.93046,1.55679,0.10889,-1.55121,1.55679,0.46728,-1.55121,0.94945,0.46728,-1.54356,0.96276,0.84589,-1.55121,1.55679,0.84867,-0.79132,-0.44035,2.53958,-0.79132,-0.30836,2.65259,-0.79132,-0.12212,2.65938,0.82941,-0.44035,2.53958,0.82941,-0.30836,2.65259,0.82941,-0.12212,2.65938,0.82941,-0.48291,-2.36899,0.82941,-0.48291,2.0854,0.82941,0.30553,2.24123,0.82941,-0.32711,-2.53563,0.82941,0.30553,-2.61768,0.82941,-0.4569,2.44828,-0.82941,0.30553,2.24123,-0.82941,-0.48291,2.0854,-0.82941,-0.48291,-2.36899,-0.82941,-0.32697,-2.53499,-0.82941,0.30553,-2.61768,-0.82941,-0.45561,2.45539,-0.83836,0.14396,2.44429,-0.82941,0.08894,2.6542,-0.82941,-0.09199,2.78945,-0.82941,-0.50589,2.4901,-0.82941,-0.38918,2.7233,0.82941,0.14814,2.483,0.82941,0.08894,2.6542,0.82941,-0.09199,2.78945,0.82941,-0.50589,2.49004,0.82941,-0.38918,2.7233,-0.26736,0.56094,1.38404,-0.26547,0.53694,1.50466,-0.38772,0.5371,1.50382,-0.52349,0.54203,1.47906,-0.59241,1.31073,0.94322,0.03569,1.40109,0.90212,0.12053,0.58913,1.24176,-0.71765,0.56853,1.34592,-0.78075,0.58498,1.26324,-0.63647,0.55432,1.4173,-0.82941,-0.48291,-2.36899,-0.82941,-0.48291,2.0854,0.82941,-0.48291,2.0854,0.82941,-0.48291,-2.36899,-0.80226,-0.33645,2.09767,-0.80226,-0.33645,0.84548,0.80226,-0.33645,0.84548,0.80226,-0.33645,2.09767,-0.60526,-0.42555,2.34063,0.60526,-0.42555,2.34063,0.82941,-0.4569,2.44828,-0.82941,-0.45561,2.45539,-0.80226,0.11101,0.85305,0.80226,0.11094,0.85305,-0.80226,0.11101,-1.17605,0.80226,0.11101,-1.17605,0.80226,0.32511,-1.17605,-0.80226,0.32511,-1.17605,1.38567,0.30553,2.24122,1.38567,0.30553,-2.6131,0.82941,0.30553,-2.61768,0.82941,0.30553,2.24123,-0.82941,0.30553,2.24123,-0.82941,0.30553,-2.61768,-1.38567,0.30553,-2.6131,-1.38567,0.30553,2.24122,-1.54356,0.96276,0.84588,-1.38567,0.94945,1.08509,-1.38567,0.94945,0.23086,-1.55121,0.94945,0.46728,0.60598,-0.37165,2.4173,-0.57622,-0.37165,2.4173,-0.57622,-0.25397,2.5087,0.60598,-0.25397,2.5087,-0.57622,-0.12098,2.54783,0.60598,-0.12098,2.54783,0.64805,0.13312,2.48167,-0.61829,0.13312,2.48167,0.64805,-0.10163,2.78115,0.64805,-0.39194,2.71642,0.64805,0.07537,2.64884,0.64805,-0.50588,2.48843,-0.61829,-0.10163,2.78115,-0.61829,-0.39194,2.71642,-0.61829,0.07537,2.64884,-0.61829,-0.50588,2.48843,0.60526,-0.42555,2.34063,-0.60526,-0.42555,2.34063,0.82941,-0.09199,2.78945,0.82941,-0.38918,2.7233,0.82941,0.08894,2.6542,0.82941,-0.50589,2.49004,0.82941,-0.4569,2.44828,-0.82941,-0.38918,2.7233,-0.82941,-0.09199,2.78945,-0.82941,0.08894,2.6542,-0.83836,0.14396,2.44429,-0.82941,-0.50589,2.4901,-0.82941,-0.45561,2.45539,-0.82941,0.30553,2.24123,-1.38567,0.41995,2.09237,0.33301,0.41995,2.09237,0.82941,0.30553,2.24123,1.38567,0.43202,2.07447,1.38567,0.30553,2.24122,-1.38567,0.30553,2.24122,0.82941,0.14813,2.483,0.75565,0.68132,1.70488,0.75565,0.43495,2.07014,0.46126,0.43495,2.07014,0.46126,0.68132,1.70488,1.29304,0.75738,1.59211,1.29304,0.43495,2.07014,0.96594,0.43495,2.07014,0.96594,0.75738,1.59211,0.82941,0.30553,-2.61768,0.82941,0.82625,-2.72158,-0.82941,0.82625,-2.72158,-0.82941,0.30553,-2.61768,-1.38567,0.62614,-2.67714,-1.38567,0.30553,-2.6131,1.38567,0.30553,-2.6131,1.38567,0.62614,-2.67714,-0.82941,-0.32697,-2.53499,0.82941,-0.32711,-2.53563,0.82941,1.00392,-1.21405,1.38567,1.30165,-1.21405,-1.38567,1.30165,-1.21405,-0.82941,1.00392,-1.21405,1.38567,0.79858,-1.21405,-1.38567,0.79858,-1.21405,0.82941,-0.48291,-2.36899,-0.82941,-0.48291,-2.36899,1.38567,0.62614,-2.67714,1.38567,0.79858,-1.21405,0.82941,1.00392,-1.21405,0.82941,0.82625,-2.72158,-0.82941,0.82625,-2.72158,-0.82941,1.00392,-1.21405,-1.38567,0.79858,-1.21405,-1.38567,0.62614,-2.67714],"index":[1,21,22,23,1,22,0,8,24,2,0,24,1,15,19,20,1,19,21,1,20,21,21,20,6,7,8,0,6,8,23,28,27,1,23,27,1,27,29,18,1,29,26,25,2,24,26,2,2,25,14,0,2,14,1,18,17,11,1,17,3,11,9,10,3,9,4,12,11,3,4,11,3,6,5,4,3,5,7,10,9,8,7,9,0,13,5,6,0,5,14,16,15,11,14,15,15,1,11,15,15,11,14,11,0,14,14,0,11,12,13,0,11,13,60,62,61,53,60,61,63,62,65,64,63,65,32,31,59,58,32,59,32,58,57,56,32,57,31,30,51,59,31,51,63,61,62,63,63,62,30,69,68,50,30,68,30,54,69,30,30,69,68,69,66,67,68,66,67,66,60,53,67,60,43,67,53,43,43,53,32,56,55,31,32,55,39,42,41,38,39,41,43,46,45,44,43,45,33,40,39,38,33,39,33,36,35,34,33,35,33,38,37,36,33,37,47,48,44,45,47,44,43,53,52,46,43,52,31,55,54,30,31,54,50,44,51,30,50,51,46,49,45,46,46,45,44,50,43,44,44,43,71,92,90,72,71,90,78,93,73,81,78,73,70,87,91,92,70,91,70,92,71,70,70,71,93,75,74,73,93,74,74,97,73,74,74,73,95,97,74,75,95,74,94,95,75,93,94,75,96,81,73,97,96,73,77,78,81,77,77,81,82,85,84,83,82,84,76,79,78,77,76,78,78,79,80,78,78,80,82,86,85,82,82,85,71,72,88,70,71,88,72,90,89,88,72,89,83,87,82,83,83,82,70,88,82,87,70,82,98,102,106,105,98,106,98,105,107,101,98,107,98,101,100,99,98,100,103,102,98,104,103,98,124,125,122,123,124,122,121,123,122,120,121,122,126,129,128,127,126,128,136,135,134,137,136,134,130,133,132,131,130,132,114,121,120,113,114,120,112,115,114,113,112,114,108,111,110,109,108,110,117,116,109,110,117,109,116,119,109,116,116,109,118,117,110,118,118,110,155,153,165,166,155,165,139,151,153,155,139,153,140,151,139,140,140,139,161,165,153,151,161,153,150,151,140,142,150,140,142,145,152,150,142,152,152,145,164,163,152,164,144,170,167,145,144,167,170,144,174,170,170,174,158,174,144,148,158,144,145,167,164,145,145,164,167,170,169,168,167,169,170,172,171,169,170,171,167,168,173,167,167,173,141,147,146,143,141,146,148,144,143,146,148,143,147,157,156,146,147,156,155,154,138,139,155,138,138,141,140,139,138,140,141,143,142,140,141,142,144,145,142,143,144,142,138,147,141,138,138,141,150,162,161,151,150,161,163,162,150,152,163,150,149,147,138,154,149,138,156,158,148,146,156,148,149,159,157,147,149,157,159,149,154,160,159,154,179,182,181,180,179,181,175,178,177,176,175,177,197,193,194,197,197,194,193,196,195,194,193,195,199,200,191,192,199,191,196,198,195,196,196,195,186,188,187,185,186,187,183,186,185,184,183,185,183,192,191,186,183,191,190,189,183,184,190,183,208,207,206,205,208,206,205,206,203,204,205,203,201,204,203,202,201,203],"groups":[{"start":0,"count":114,"material":0},{"start":114,"count":138,"material":0},{"start":252,"count":108,"material":1},{"start":360,"count":24,"material":2},{"start":384,"count":66,"material":3},{"start":450,"count":168,"material":4},{"start":618,"count":12,"material":5},{"start":630,"count":48,"material":0},{"start":678,"count":18,"material":0}],"materials":[{"type":"armor",