{"version":4,"geometry":{"hull":{"position":[-0.1872,0.81377,1.50831,1.03162,0.50015,1.68943,-0.11516,1.31073,1.22155,-0.96594,0.43495,2.07014,-0.75565,0.43495,2.07014,-0.75565,0.68132,1.70488,-0.96594,0.75738,1.59211,-1.29304,0.75738,1.59211,-1.38567,0.81382,1.50844,-1.38567,0.43202,2.07447,-1.29304,0.43495,2.07014,-0.33301,0.41995,2.09237,-0.46126,0.43495,2.07014,-0.46126,0.68132,1.70488,-0.12053,0.58913,1.24176,0.26547,0.53694,1.50466,0.26736,0.56094,1.38404,1.38567,0.41995,2.09237,1.38566,0.50015,1.68943,0.38772,0.5371,1.50382,0.52349,0.54203,1.47906,0.63647,0.55432,1.4173,0.71765,0.56853,1.34592,0.78075,0.58498,1.26324,-1.38567,1.31073,1.22155,-0.03569,1.40109,0.90212,-1.38567,1.4011,0.90212,0.75642,1.31073,1.22155,0.59241,1.31073,0.94322,1.38567,1.31073,1.22155,1.38567,1.31073,1.08509,1.0274,1.31073,1.21553,0.7485,1.31073,1.14081,-1.38567,0.79858,-1.21405,-1.38567,0.62614,-2.67714,-1.38567,0.30553,-2.6131,-1.38567,0.30553,2.24122,-1.38567,0.43202,2.07447,-1.38567,0.81382,1.50844,-1.38567,1.30746,0.71991,-1.38567,1.30165,-1.21405,-1.38567,1.31073,1.22155,-1.38567,1.4011,0.90212,1.38567,0.94945,0.23086,1.38566,0.50015,1.68943,1.38567,0.30553,-2.6131,1.38567,0.79858,-1.21405,1.38567,0.30553,2.24122,1.38567,0.41995,2.09237,1.38567,0.62614,-2.67714,1.38567,0.94945,1.08509,1.38567,1.31073,1.22155,1.38567,1.30165,-1.21405,1.38567,1.29407,0.23086,1.38567,1.55679,1.08509,1.02728,1.55679,1.21553,0.7485,1.55679,1.14083,0.68129,1.55679,1.09377,0.68122,1.31073,1.09377,0.75642,1.31073,1.22155,1.38567,1.55679,0.23086,1.21797,1.38371,0.13404,1.21797,1.55679,0.13404,1.1241,1.4383,0.10889,0.93046,1.53745,0.10889,0.93046,1.55679,0.10889,1.55121,1.55679,0.46728,1.55121,0.94945,0.46728,1.54356,0.96276,0.84589,1.55121,1.55679,0.84867,0.82941,-0.44035,2.53958,0.82941,-0.30526,2.65518,0.82941,-0.11464,2.66213,-0.82941,-0.44035,2.53958,-0.82941,-0.30526,2.65518,-0.82941,-0.11464,2.66213,-0.82941,-0.48291,-2.36899,-0.82941,-0.48291,2.0854,-0.82941,0.30553,2.24123,-0.82941,-0.32711,-2.53563,-0.82941,0.30553,-2.61768,-0.82941,-0.4569,2.44828,0.82941,0.30553,2.24123,0.82941,-0.48291,2.0854,0.82941,-0.48291,-2.36899,0.82941,-0.32697,-2.53499,0.82941,0.30553,-2.61768,0.82941,-0.45561,2.45539,0.83836,0.14396,2.44429,0.82941,0.08894,2.6542,0.82941,-0.09199,2.78945,0.82941,-0.50589,2.4901,0.82941,-0.38918,2.7233,-0.82941,0.14814,2.483,-0.82941,0.08894,2.6542,-0.82941,-0.09199,2.78945,-0.82941,-0.50589,2.49004,-0.82941,-0.38918,2.7233,0.26736,0.56094,1.38404,0.26547,0.53694,1.50466,0.38772,0.5371,1.50382,0.52349,0.54203,1.47906,0.59241,1.31073,0.94322,-0.03569,1.40109,0.90212,-0.12053,0.58913,1.24176,0.71765,0.56853,1.34592,0.78075,0.58498,1.26324,0.63647,0.55432,1.4173,0.82941,-0.48291,-2.36899,0.82941,-0.48291,2.0854,-0.82941,-0.48291,2.0854,-0.82941,-0.48291,-2.36899,0.80226,-0.33645,2.09767,0.80226,-0.33645,0.84548,-0.80226,-0.33645,0.84548,-0.80226,-0.33645,2.09767,0.60526,-0.42555,2.34063,-0.60526,-0.42555,2.34063,-0.82941,-0.4569,2.44828,0.82941,-0.45561,2.45539,0.80226,0.11101,0.85305,-0.80226,0.11094,0.85305,0.80226,0.11101,-1.17605,-0.80226,0.11101,-1.17605,-0.80226,0.32511,-1.17605,0.80226,0.32511,-1.17605,-1.38567,0.30553,2.24122,-1.38567,0.30553,-2.6131,-0.82941,0.30553,-2.61768,-0.82941,0.30553,2.24123,0.82941,0.30553,2.24123,0.82941,0.30553,-2.61768,1.38567,0.30553,-2.6131,1.38567,0.30553,2.24122,1.54356,0.96276,0.84588,1.38567,0.94945,1.08509,1.38567,0.94945,0.23086,1.55121,0.94945,0.46728,-0.60499,-0.3685,2.4173,0.60499,-0.3685,2.4173,0.60499,-0.24805,2.51081,-0.60499,-0.24805,2.51081,0.60499,-0.11194,2.55083,-0.60499,-0.11194,2.55083,-0.64805,0.14813,2.48315,0.64805,0.14813,2.48315,-0.64805,-0.09213,2.78952,-0.64805,-0.38926,2.7233,-0.64805,0.08903,2.65417,-0.64805,-0.50588,2.49007,0.64805,-0.09213,2.78952,0.64805,-0.38926,2.7233,0.64805,0.08903,2.65417,0.64805,-0.50588,2.49007,-0.60526,-0.42555,2.34063,0.60526,-0.42555,2.34063,-0.82941,-0.09199,2.78945,-0.82941,-0.38918,2.7233,-0.82941,0.08894,2.6542,-0.82941,-0.50589,2.49004,-0.82941,-0.4569,2.44828,0.82941,-0.38918,2.7233,0.82941,-0.09199,2.78945,0.82941,0.08894,2.6542,0.83836,0.14396,2.44429,0.82941,-0.50589,2.4901,0.82941,-0.45561,2.45539,0.82941,0.30553,2.24123,1.38567,0.41995,2.09237,-0.33301,0.41995,2.09237,-0.82941,0.30553,2.24123,-1.38567,0.43202,2.07447,-1.38567,0.30553,2.24122,1.38567,0.30553,2.24122,-0.82941,0.14813,2.483,-0.75565,0.68132,1.70488,-0.75565,0.43495,2.07014,-0.46126,0.43495,2.07014,-0.46126,0.68132,1.70488,-1.29304,0.75738,1.59211,-1.29304,0.43495,2.07014,-0.96594,0.43495,2.07014,-0.96594,0.75738,1.59211,-0.82941,0.30553,-2.61768,-0.82941,0.82625,-2.72158,0.82941,0.82625,-2.72158,0.82941,0.30553,-2.61768,1.38567,0.62614,-2.67714,1.38567,0.30553,-2.6131,-1.38567,0.30553,-2.6131,-1.38567,0.62614,-2.67714,0.82941,-0.32697,-2.53499,-0.82941,-0.32711,-2.53563,-0.82941,1.00392,-1.21405,-1.38567,1.30165,-1.21405,1.38567,1.30165,-1.21405,0.82941,1.00392,-1.21405,-1.38567,0.79858,-1.21405,1.38567,0.79858,-1.21405,-0.82941,-0.48291,-2.36899,0.82941,-0.48291,-2.36899,-1.38567,0.62614,-2.67714,-1.38567,0.79858,-1.21405,-0.82941,1.00392,-1.21405,-0.82941,0.82625,-2.72158,0.82941,0.82625,-2.72158,0.82941,1.00392,-1.21405,1.38567,0.79858,-1.21405,1.38567,0.62614,-2.67714],"index":[22,21,1,22,1,23,24,8,0,24,0,2,19,15,1,19,1,20,20,1,21,20,21,21,8,7,6,8,6,0,27,28,23,27,23,1,29,27,1,29,1,18,2,25,26,2,26,24,14,25,2,14,2,0,17,18,1,17,1,11,9,11,3,9,3,10,11,12,4,11,4,3,5,6,3,5,3,4,9,10,7,9,7,8,5,13,0,5,0,6,15,16,14,15,14,11,11,1,15,11,15,15,0,11,14,0,14,14,13,12,11,13,11,0,61,62,60,61,60,53,65,62,63,65,63,64,59,31,32,59,32,58,57,58,32,57,32,56,51,30,31,51,31,59,62,61,63,62,63,63,68,69,30,68,30,50,69,54,30,69,30,30,66,69,68,66,68,67,60,66,67,60,67,53,53,67,43,53,43,43,55,56,32,55,32,31,41,42,39,41,39,38,45,46,43,45,43,44,39,40,33,39,33,38,35,36,33,35,33,34,37,38,33,37,33,36,44,48,47,44,47,45,52,53,43,52,43,46,54,55,31,54,31,30,51,44,50,51,50,30,45,49,46,45,46,46,43,50,44,43,44,44,90,92,71,90,71,72,73,93,78,73,78,81,91,87,70,91,70,92,71,92,70,71,70,70,74,75,93,74,93,73,73,97,74,73,74,74,74,97,95,74,95,75,75,95,94,75,94,93,73,81,96,73,96,97,81,78,77,81,77,77,84,85,82,84,82,83,78,79,76,78,76,77,80,79,78,80,78,78,85,86,82,85,82,82,88,72,71,88,71,70,89,90,72,89,72,88,82,87,83,82,83,83,82,88,70,82,70,87,106,102,98,106,98,105,107,105,98,107,98,101,100,101,98,100,98,99,98,102,103,98,103,104,122,125,124,122,124,123,122,123,121,122,121,120,128,129,126,128,126,127,134,135,136,134,136,137,132,133,130,132,130,131,120,121,114,120,114,113,114,115,112,114,112,113,110,111,108,110,108,109,109,116,117,109,117,110,109,119,116,109,116,116,110,117,118,110,118,118,165,153,155,165,155,166,153,151,139,153,139,155,139,151,140,139,140,140,153,165,161,153,161,151,140,151,150,140,150,142,152,145,142,152,142,150,164,145,152,164,152,163,167,170,144,167,144,145,174,144,170,174,170,170,144,174,158,144,158,148,164,167,145,164,145,145,169,170,167,169,167,168,171,172,170,171,170,169,173,168,167,173,167,167,146,147,141,146,141,143,143,144,148,143,148,146,156,157,147,156,147,146,138,154,155,138,155,139,140,141,138,140,138,139,142,143,141,142,141,140,142,145,144,142,144,143,141,147,138,141,138,138,161,162,150,161,150,151,150,162,163,150,163,152,138,147,149,138,149,154,148,158,156,148,156,146,157,159,149,157,149,147,154,149,159,154,159,160,181,182,179,181,179,180,177,178,175,177,175,176,194,193,197,194,197,197,195,196,193,195,193,194,191,200,199,191,199,192,195,198,196,195,196,196,187,188,186,187,186,185,185,186,183,185,183,184,191,192,183,191,183,186,183,189,190,183,190,184,206,207,208,206,208,205,203,206,205,203,205,204,203,204,201,203,201,202],"groups":[{"start":0,"count":114,"material":0},{"start":114,"count":138,"material":0},{"start":252,"count":108,"material":1},{"start":360,"count":24,"material":2},{"start":384,"count":66,"material":3},{"start":450,"count":168,"material":4},{"start":618,"count":12,"material":5},{"start":630,"count":48,"material":0},{"start":678,"count":18,"material":0}],"materials":[{"type":"armor",