{"version":4,"geometry":{"hull":{"position":[-0.08162,0.31753,0.66757,-0.13412,0.33617,0.65732,-0.13412,0.29889,0.66891,-0.02912,0.33617,0.65732,-0.02912,0.29889,0.66891,0.82688,0.09557,-0.66918,0.82688,0.24616,0.11326,0.55834,0.24616,0.11326,0.55834,0.0419,-0.94804,0.55834,0.24616,0.50837,-0.82688,0.09557,-0.66918,-0.55834,0.0419,-0.94804,-0.55834,0.24616,0.11326,-0.82688,0.24616,0.11326,-0.55834,0.24616,0.50837,-0.55834,-0.53524,-0.94609,0.55834,-0.53524,-0.94609,0.55834,-0.53524,0.50837,-0.55834,-0.53524,0.50837,-0.55834,-0.53524,-1.16806,0.55834,-0.53524,-1.16806,0.2918,-0.44499,1.38309,-0.2918,-0.44499,1.38309,-0.47364,-0.53524,0.78635,0.47364,-0.53524,0.78635,0.36791,0.4817,1.24261,-0.36791,0.4817,1.24261,-0.26689,0.48173,0.61208,0.26689,0.48173,0.61208,0.55834,0.48172,0.43476,-0.55834,0.48172,0.43476,0.31009,-0.04439,1.32305,0.55834,0.24616,0.50837,0.26689,0.17435,0.70762,-0.26689,0.17435,0.70762,-0.55834,0.24616,0.50837,-0.31009,-0.04439,1.32305,-0.23881,-0.13136,1.55615,0.23881,-0.13136,1.55615,0.09593,0.73827,1.15484,0.36185,0.54078,1.24261,0.28808,1.35855,0.87918,0.09593,1.35855,0.87918,-0.28808,1.35855,0.87918,-0.36185,0.54078,1.24261,-0.10332,0.73827,1.15484,-0.10332,1.35855,0.87918,-0.36791,0.4817,1.24261,0.36791,0.4817,1.24261,0.23467,-0.30453,1.57148,-0.23467,-0.30453,1.57148,-0.2756,-0.33923,1.43623,0.2756,-0.33923,1.43623,-0.2918,-0.44499,1.38309,0.2918,-0.44499,1.38309,0.2174,-0.19331,1.62815,-0.2174,-0.19331,1.62815,-0.2174,-0.24786,1.62815,0.2174,-0.24786,1.62815,-0.22122,-0.27247,1.61561,0.22122,-0.27247,1.61561,0.22717,-0.14917,1.59608,-0.22717,-0.14917,1.59608,0.23881,-0.13136,1.55615,-0.23881,-0.13136,1.55615,-0.55834,0.24616,0.50837,-0.26689,0.17435,0.70762,-0.26689,0.48173,0.61208,-0.55834,0.48172,0.43476,0.55834,0.24616,0.50837,0.55834,0.48172,0.43476,0.26689,0.48173,0.61208,0.26689,0.17435,0.70762,0.55834,-0.53524,-1.16806,-0.55834,-0.53524,-1.16806,-0.55834,-0.3463,-1.44786,0.55834,-0.3463,-1.44786,0.55834,-0.09041,-1.34815,-0.55834,-0.09041,-1.34815,-0.55834,0.14475,-1.2246,0.55834,0.14475,-1.2246,-0.55834,0.3892,-1.26407,0.55834,0.3892,-1.26407,0.55834,0.14475,-1.2246,-0.55834,0.14475,-1.2246,0.55834,0.41315,-1.26092,-0.55834,0.41315,-1.26092,-0.55834,0.43546,-1.25167,0.55834,0.43546,-1.25167,-0.55834,0.45463,-1.23697,0.55834,0.45463,-1.23697,-0.55834,0.46933,-1.2178,0.55834,0.46933,-1.2178,-0.55834,0.47858,-1.19549,0.55834,0.47858,-1.19549,0.55834,0.48173,-1.03171,-0.55834,0.48173,-1.03171,-0.55834,0.63137,-0.79065,0.55834,0.63137,-0.79065,0.55834,0.48173,-0.63019,0.55834,0.59069,-0.69243,-0.55834,0.59069,-0.69243,-0.55834,0.48173,-0.63019,0.55834,0.61508,-0.70872,-0.55834,0.61508,-0.70872,0.55834,0.63137,-0.73311,-0.55834,0.63137,-0.73311,-0.55834,0.63709,-0.76188,0.55834,0.63709,-0.76188,0.55834,0.48173,-1.17154,-0.55834,0.48173,-1.17154,0.55834,0.54078,0.4091,-0.55834,0.54078,0.4091,-0.55834,0.0419,-0.94804,-0.55834,-0.09041,-1.34815,-0.55834,-0.3463,-1.44786,-0.55834,-0.53524,-1.16806,-0.55834,-0.53524,-0.94609,-0.55834,0.48173,-0.94804,-0.55834,0.14475,-1.2246,-0.55834,0.48173,-1.03171,-0.55834,0.48173,-1.17154,-0.55834,0.47858,-1.19549,-0.55834,0.46933,-1.2178,-0.55834,0.43546,-1.25167,-0.55834,0.41315,-1.26092,-0.55834,0.3892,-1.26407,-0.55834,0.45463,-1.23697,-0.55834,0.59069,-0.69243,-0.55834,0.61508,-0.70872,-0.55834,0.63137,-0.73311,-0.55834,0.63709,-0.76188,-0.55834,0.63137,-0.79065,-0.55834,0.48173,-0.63019,0.55834,0.48173,-0.94804,0.55834,0.0419,-0.94804,0.55834,0.48173,-1.03171,0.55834,0.63137,-0.79065,0.55834,0.63137,-0.73311,0.55834,0.61508,-0.70872,0.55834,0.59069,-0.69243,0.55834,0.63709,-0.76188,0.55834,0.14475,-1.2246,0.55834,0.48173,-1.17154,0.55834,0.46933,-1.2178,0.55834,0.47858,-1.19549,0.55834,0.41315,-1.26092,0.55834,0.43546,-1.25167,0.55834,0.3892,-1.26407,0.55834,0.45463,-1.23697,0.55834,-0.3463,-1.44786,0.55834,-0.09041,-1.34815,0.55834,-0.53524,-1.16806,0.46121,1.47999,0.04739,0.28808,1.35855,0.87918,0.36185,0.54078,1.24261,0.55834,0.54078,-0.51204,0.36791,0.4817,1.24261,0.55834,0.48172,0.43476,0.55834,0.48171,-0.54255,0.55834,0.48173,-0.63019,-0.46121,1.47999,0.04739,-0.55834,0.54078,-0.51204,-0.55834,0.48172,0.43476,-0.36791,0.4817,1.24261,-0.36185,0.54078,1.24261,-0.55834,0.4817,-0.54255,-0.28808,1.35855,0.87918,0.55834,-0.53524,-0.94609,0.55834,0.24616,0.11326,0.55834,0.24616,0.50837,0.55834,-0.53524,0.50837,-0.55834,-0.53524,0.50837,-0.55834,0.24616,0.11326,-0.55834,0.24616,0.50837,-0.2756,-0.33923,1.43623,-0.31009,-0.04439,1.32305,-0.55834,0.24616,0.50837,-0.55834,-0.53524,0.50837,-0.47364,-0.53524,0.78635,-0.2918,-0.44499,1.38309,-0.23467,-0.30453,1.57148,-0.23881,-0.13136,1.55615,-0.22122,-0.27247,1.61561,-0.22717,-0.14917,1.59608,-0.2174,-0.24786,1.62815,-0.2174,-0.19331,1.62815,0.2756,-0.33923,1.43623,0.55834,-0.53524,0.50837,0.55834,0.24616,0.50837,0.31009,-0.04439,1.32305,0.47364,-0.53524,0.78635,0.2918,-0.44499,1.38309,0.23881,-0.13136,1.55615,0.22122,-0.27247,1.61561,0.23467,-0.30453,1.57148,0.2174,-0.24786,1.62815,0.22717,-0.14917,1.59608,0.2174,-0.19331,1.62815,0.82688,0.24616,0.11326,0.82688,0.43261,0.05506,0.55834,0.48172,0.43476,0.55834,0.24616,0.50837,-0.82688,0.24616,0.11326,-0.55834,0.24616,0.50837,-0.55834,0.48172,0.43476,-0.82688,0.43261,0.05506,0.55834,0.54078,-0.51204,-0.55834,0.54078,-0.51204,-0.46121,1.47999,0.04739,0.46121,1.47999,0.04739,0.55834,0.48171,-0.54255,-0.55834,0.4817,-0.54255,0.82688,0.43261,0.05506,0.82688,0.24616,0.11326,0.82688,0.09557,-0.66918,0.82688,0.43261,-0.66918,-0.82688,0.09557,-0.66918,-0.82688,0.24616,0.11326,-0.82688,0.43261,0.05506,-0.82688,0.43261,-0.66918,0.55834,0.48173,-0.94804,0.82688,0.43261,-0.66918,0.82688,0.09557,-0.66918,0.55834,0.0419,-0.94804,-0.82688,0.09557,-0.66918,-0.82688,0.43261,-0.66918,-0.55834,0.48173,-0.94804,-0.55834,0.0419,-0.94804,-0.55834,0.48173,-0.63019,-0.82688,0.43261,-0.66918,-0.82688,0.43261,0.05506,-0.55834,0.4817,-0.54255,-0.55834,0.48173,-0.94804,-0.55834,0.48172,0.43476,0.55834,0.48173,-0.63019,0.55834,0.48171,-0.54255,0.82688,0.43261,0.05506,0.82688,0.43261,-0.66918,0.55834,0.48173,-0.94804,0.55834,0.48172,0.43476,0.28808,1.35855,0.87918,0.46121,1.47999,0.04739,-0.46121,1.47999,0.04739,0.09593,1.35855,0.87918,-0.10332,1.35855,0.87918,-0.28808,1.35855,0.87918,-0.10332,0.73827,1.15484,0.09593,0.73827,1.15484,0.09593,1.35855,0.87918,-0.10332,1.35855,0.87918],