{"version":4,"geometry":{"hull":{"position":[-0.40924,0.577,1.10882,-0.42468,0.53339,1.13975,-0.29131,0.53339,1.18675,-0.28037,0.577,1.1549,-0.14773,0.53339,1.21511,-0.14206,0.577,1.18244,-0.53712,0.577,1.0456,-0.5577,0.53339,1.07512,0.2902,0.53339,1.18675,0.42357,0.53339,1.13975,0.40814,0.577,1.10882,0.27926,0.577,1.1549,0.14096,0.577,1.18244,0.14663,0.53339,1.21511,0.53601,0.577,1.0456,0.55659,0.53339,1.07512,-0.00055,0.53339,1.22534,-0.00055,0.577,1.19235,0.71354,0.13272,1.44533,-0.71465,0.13272,1.44533,-0.71465,-0.0516,2.13296,0.71244,-0.0516,2.13296,0.71244,-0.0516,2.13296,-0.71465,-0.0516,2.13296,-0.71465,-0.41148,2.10661,0.71244,-0.41148,2.10661,0.71354,0.13272,1.44533,0.71354,0.53339,1.32173,-0.71465,0.53339,1.32173,-0.71465,0.13272,1.44533,0.71354,0.42514,0.99215,0.71354,-0.54207,-2.04662,0.71354,0.35185,-1.54308,0.71354,0.35185,-0.48852,0.71354,-0.54207,1.83086,0.71299,-0.45728,-2.08017,0.71354,0.2022,-1.92821,-0.71465,-0.54207,1.83086,-0.71465,0.35185,-0.48852,-0.71465,0.35185,-1.54308,-0.71465,-0.54207,-2.04662,-0.71465,-0.45728,-2.08017,-0.71465,0.2022,-1.92821,0.71354,0.53339,-0.43412,0.71244,0.53339,0.7884,0.71354,0.53112,0.93254,0.71354,0.53339,1.32173,0.71354,0.13272,1.44533,0.71244,-0.0516,2.13296,0.71244,-0.41148,2.10661,-0.71465,0.13272,1.44533,-0.71465,-0.41148,2.10661,-0.71465,-0.0516,2.13296,-0.71465,0.53339,1.32173,-0.71465,0.53339,0.80431,-0.71465,0.53339,-0.43412,0.71244,-0.41148,2.10661,-0.71465,-0.41148,2.10661,-0.71465,-0.54207,1.83086,0.71354,-0.54207,1.83086,0.71354,-0.54207,1.83086,-0.71465,-0.54207,1.83086,-0.71465,-0.54207,-2.04662,0.71354,-0.54207,-2.04662,-1.045,0.46519,0.6601,-1.04349,0.46244,-0.45046,-0.71455,0.42954,-0.44993,-0.71465,0.42514,0.99215,1.04389,0.46519,0.6601,0.71354,0.42514,0.99215,0.71258,0.42763,-0.44476,1.04239,0.46245,-0.4453,-0.71465,-0.45728,-2.08017,0.71299,-0.45728,-2.08017,0.71354,-0.54207,-2.04662,-0.71465,-0.54207,-2.04662,-0.71465,0.2022,-1.92821,0.71354,0.2022,-1.92821,0.24473,0.51775,-0.44124,0.71354,0.53339,-0.43412,0.71354,0.35185,-0.48852,-0.71465,0.53339,-0.43412,-0.24583,0.51775,-0.44124,-0.71465,0.35185,-0.48852,0.24473,0.5069,-1.40117,-0.24583,0.5069,-1.40117,0.71354,0.2022,-1.92821,-0.71465,0.2022,-1.92821,0.24473,0.51775,-0.44124,0.71354,0.35185,-0.48852,0.71354,0.35185,-1.54308,-0.71465,0.35185,-1.54308,-0.71465,0.35185,-0.48852,-0.24583,0.51775,-0.44124,-0.71465,0.53339,0.93254,-0.54348,0.53339,1.04815,-0.3418,1.29269,0.74668,-0.7256,1.37442,0.34263,-1.045,0.46519,0.6601,-0.71465,0.42514,0.99215,-0.33364,1.34125,0.72161,-0.15733,1.28257,0.86893,-0.15573,1.33034,0.8463,0.15623,1.28257,0.86893,0.15462,1.33034,0.8463,0.34069,1.29269,0.74668,0.54011,0.53339,1.05051,0.71354,0.53112,0.93254,0.72449,1.37442,0.34263,0.32808,1.34443,0.72861,0.71354,0.42514,0.99215,1.04389,0.46519,0.6601,-0.7256,1.37442,0.34263,-0.33364,1.34125,0.72161,-0.34629,1.39922,0.08016,-0.71048,1.41427,-0.09708,-0.15573,1.33034,0.8463,-0.00055,1.39571,0.12955,0.32808,1.34443,0.72861,0.34518,1.39922,0.08016,0.15462,1.33034,0.8463,0.72449,1.37442,0.34263,0.70938,1.41427,-0.09708,-0.7256,1.37442,0.34263,-0.71048,1.41427,-0.09708,-1.04315,0.46182,-0.70282,-1.04349,0.46244,-0.45046,-1.04069,0.4683,-0.7305,-1.0267,0.50802,-0.75607,-0.96456,0.68523,-0.75075,-0.70992,1.41499,-0.22572,-0.71819,1.39095,-0.2902,-0.75429,1.28729,-0.39523,-1.045,0.46519,0.6601,0.72449,1.37442,0.34263,1.04239,0.46245,-0.4453,1.04204,0.46182,-0.70282,0.70938,1.41427,-0.09708,1.03959,0.4683,-0.7305,1.02559,0.50802,-0.75607,0.96346,0.68523,-0.75075,0.70881,1.41499,-0.22572,0.71708,1.39095,-0.2902,0.75318,1.28729,-0.39523,1.04389,0.46519,0.6601,0.71354,0.53339,1.32173,-0.00055,0.53339,1.11073,-0.36366,0.53339,1.04605,-0.71465,0.53339,1.32173,-0.71465,0.53339,0.80431,0.36255,0.53339,1.04605,0.71354,0.53112,0.93254,0.71244,0.53339,0.7884],"index":[9,15,14,9,14,10,11,12,13,11,13,8,12,17,16,12,16,13,16,17,5,16,5,4,4,5,3,4,3,2,2,3,0,2,0,1,10,11,8,10,8,9,6,7,1,6,1,0,20,21,18,20,18,19,28,29,26,28,26,27,24,25,22,24,22,23,37,50,38,37,38,38,48,49,34,48,34,47,47,34,30,47,30,46,38,53,54,38,54,55,50,53,38,50,38,38,37,51,52,37,52,50,30,44,45,30,45,46,39,40,37,39,37,38,35,36,32,35,32,31,33,34,31,33,31,32,43,44,30,43,30,30,34,33,43,34,43,30,39,42,41,39,41,40,58,59,56,58,56,57,70,71,68,70,68,69,66,67,64,66,64,65,62,63,60,62,60,61,78,79,80,78,80,80,81,82,83,81,83,83,74,75,72,74,72,73,76,77,73,76,73,72,85,91,92,85,92,93,85,87,91,85,91,91,85,93,88,85,88,84,84,86,87,84,87,85,84,88,89,84,89,90,86,84,90,86,90,90,108,109,105,108,105,105,105,106,107,105,107,108,111,108,107,111,107,110,105,109,104,105,104,103,101,103,104,101,104,102,94,97,98,94,98,99,94,95,96,94,96,97,96,101,102,96,102,100,96,100,97,96,97,97,120,117,116,120,116,116,121,122,119,121,119,118,117,120,118,117,118,119,114,115,112,114,112,113,113,116,117,113,117,114,138,139,137,138,137,136,136,137,134,136,134,135,140,141,137,140,137,139,144,135,134,144,134,134,140,143,142,140,142,141,124,128,127,124,127,125,125,126,123,125,123,124,124,130,129,124,129,128,133,123,126,133,126,126,131,132,129,131,129,130,146,145,150,146,150,150,151,152,150,151,150,145,145,146,147,145,147,148,149,148,147,149,147,147],"groups":[{"start":0,"count":48,"material":0},{"start":48,"count":6,"material":1},{"start":54,"count":12,"material":2},{"start":66,"count":78,"material":3},{"start":144,"count":6,"material":3},{"start":150,"count":18,"material":4},{"start":168,"count":24,"material":3},{"start":192,"count":36,"material":0},{"start":228,"count":54,"material":3},{"start":282,"count":30,"material":4},{"start":312,"count":60,"material":3},{"start":372,"count":24,"material":0}],"materials":[{"type":"armor","value":10},{"type":"armor","value":12},{"type":"armor","value":50},{"type":"armor","value":15},{"type":"armor","value":8}]},"chassis":{"position":[1.04326,1.02965,0.82919,1.04326,-9.0e-5,1.39912,1.04326,-9.0e-5,-1.39833,1.04326,0.96661,-0.01483,1.04326,0.89087,-0.57606,1.04326,0.26582,-2.06398,1.04326,0.85643,-1.92476,0.751,-9.0e-5,-1.39833,0.751,-9.0e-5,1.39912,0.751,0.26582,-2.06398,0.751,0.39507,1.99081,0.751,0.39507,-2.16404,0.71776,0.39507,-2.16404,0.71776,0.39507,1.99081,0.71776,1.02965,0.82919,0.71776,0.89087,-0.57606,0.71776,0.4528,-2.20755,0.71776,0.8559,-1.92476,0.71776,0.96661,-0.01483,1.04326,0.4528,-2.20755,0.71776,0.72242,-2.16839,1.04326,0.72242,-2.16839,1.04326,0.45704,2.08652,1.04326,1.08421,1.89945,0.71776,0.45704,2.08652,0.71776,1.08421,1.89945,1.04326,0.62654,2.24314,1.04326,0.95284,2.19964,0.71776,0.95284,2.19964,0.71776,0.62601,2.24314,-1.04326,-9.0e-5,-1.39834,-1.04326,-9.0e-5,1.39908,-1.04326,1.02965,0.82916,-1.04326,0.96661,-0.01486,-1.04326,0.89087,-0.57608,-1.04326,0.85643,-1.92476,-1.04326,0.26582,-2.06398,-0.75092,-9.0e-5,-1.39834,-0.75092,-9.0e-5,1.39908,-0.75092,0.26582,-2.06398,-0.75092,0.39507,-2.16404,-0.75092,0.39507,1.99076,-0.71482,0.39507,1.99076,-0.71482,0.39507,-2.16404,-0.71482,1.02965,0.82916,-0.71482,0.89087,-0.57608,-0.71482,0.4528,-2.20755,-0.71482,0.85643,-1.92476,-0.71482,0.96661,-0.01486,-1.04326,0.4528,-2.20755,-1.04326,0.72242,-2.16839,-0.71482,0.72242,-2.16839,-1.04326,0.45704,2.08647,-1.04326,1.08421,1.8994,-0.71482,0.45704,2.08647,-0.71482,1.08421,1.8994,-1.04326,0.62654,2.24309,-1.04326,0.95284,2.19959,-0.71482,0.62654,2.24309,-0.71482,0.95284,2.19959],