{"version":4,"geometry":{"hull":{"position":[-0.66768,0.5225,0.81174,0.00228,0.52291,0.81183,-0.26184,0.52294,-0.06491,-0.66726,0.52294,0.43562,-0.8026,0.52293,0.43612,-0.94874,0.52408,-0.3038,0.26634,0.52294,-0.06486,0.66091,0.52293,0.70539,0.67199,0.52294,0.43562,0.80733,0.52293,0.43611,0.95378,0.52293,-0.30603,0.26755,0.69539,-0.09749,0.26521,1.45428,-0.23494,-0.26072,1.45428,-0.23493,-0.26307,0.69539,-0.09749,0.03688,0.52293,1.28509,0.63709,0.52293,1.28509,0.00228,0.52291,0.81183,0.66091,0.52293,0.70539,0.00214,0.2849,1.30791,0.67205,0.28489,1.30791,0.67245,-0.06203,2.02402,-0.66767,-0.06203,2.02402,-0.29372,-0.19094,1.9932,0.40372,-0.19094,1.9932,0.40372,-0.34961,1.95526,0.67245,-0.42776,1.93658,-0.66767,-0.42776,1.93657,-0.29372,-0.34961,1.95526,-0.66767,-0.52855,1.72603,0.67245,-0.52855,1.72603,0.67248,0.06199,1.76771,-0.39825,-0.01332,1.92343,-0.66767,-0.06203,2.02402,0.67245,-0.06203,2.02402,-0.56388,-0.01329,1.92343,-0.66767,0.06199,1.76771,-0.56388,0.4735,0.91391,-0.66768,0.5225,0.81174,-0.39825,0.47366,0.91391,0.00228,0.52291,0.81183,0.00214,0.2849,1.30791,0.67205,0.28489,1.30791,0.66435,0.52293,-2.36896,-0.67237,0.52293,-2.36896,-0.66759,-0.0127,-2.36809,0.672,-0.0127,-2.36809,0.67203,-0.53086,-1.92386,-0.66764,-0.53086,-1.92386,0.672,0.10673,-2.36806,-0.66756,0.10673,-2.36806,-0.67237,0.90973,-2.30855,0.66435,0.90989,-2.30852,-1.05154,0.52352,-2.36896,-0.95985,1.03341,-2.28848,-0.69561,1.01371,-2.29201,-1.0511,0.10672,-2.36896,1.05672,0.52296,-2.36875,0.96434,1.03364,-2.28848,0.68828,1.01229,-2.29218,1.05649,0.10672,-2.36864,0.67179,0.14361,-0.21239,0.67248,0.06199,1.76771,0.67245,-0.52855,1.72603,0.67203,-0.53086,-1.92386,0.672,-0.0127,-2.36809,0.672,0.10673,-2.36806,0.67245,-0.06203,2.02402,0.67245,-0.42776,1.93657,-0.66767,0.06199,1.76771,-0.66767,-0.52855,1.72603,-0.66767,-0.42776,1.93657,-0.66767,-0.06203,2.02402,-0.66724,0.14361,-0.21239,-0.66764,-0.53086,-1.92386,-0.66756,0.10673,-2.36806,-0.66758,-0.0127,-2.36809,-0.66727,0.30694,0.43562,-0.66718,0.30694,-0.21454,-0.66768,0.5225,0.81174,-0.66726,0.52294,0.43562,-0.8026,0.52293,0.43612,-0.8026,0.30694,0.43612,0.672,0.30694,0.43562,0.80733,0.30694,0.43612,0.80733,0.52294,0.43611,0.67199,0.52294,0.43562,0.67205,0.28489,1.30791,0.67191,0.30694,-0.21454,0.66091,0.52293,0.70539,-1.0511,0.13074,-0.75978,-1.0511,0.10672,-2.36896,-0.66756,0.10673,-2.36806,-0.94922,0.14372,-0.30526,-0.66724,0.14361,-0.21239,-0.8026,0.30694,0.43612,-0.94905,0.30694,-0.30602,-0.66718,0.30694,-0.21454,-0.66727,0.30694,0.43562,0.67179,0.14361,-0.21239,0.672,0.10673,-2.36806,0.95384,0.14361,-0.30526,-0.66764,-0.53086,-1.92386,0.67203,-0.53086,-1.92386,0.67245,-0.52855,1.72603,-0.66767,-0.52855,1.72603,1.05559,0.13074,-0.75979,1.05649,0.10672,-2.36864,0.80733,0.30694,0.43611,0.672,0.30694,0.43562,0.67191,0.30694,-0.21454,0.95378,0.30694,-0.30603,1.05599,0.52295,-0.75961,-1.05149,0.5241,-0.7596,0.88444,1.45471,-1.41572,0.8845,1.4547,-0.76011,0.96434,1.03364,-2.28848,1.05672,0.52296,-2.36875,1.05559,0.13074,-0.75979,1.05649,0.10672,-2.36864,-1.05154,0.52352,-2.36896,-0.87995,1.45471,-1.41572,-0.95985,1.03342,-2.28848,-1.0511,0.10672,-2.36896,-1.0511,0.13074,-0.75978,-0.26184,0.52294,-0.06491,-0.26307,0.69539,-0.09749,-0.94874,0.52408,-0.3038,0.26634,0.52294,-0.06486,0.26755,0.69539,-0.09749,0.95378,0.52293,-0.30603,0.95384,0.14361,-0.30526,0.95378,0.30694,-0.30603,0.67191,0.30694,-0.21454,0.67179,0.14361,-0.21239,-0.66718,0.30694,-0.21454,-0.94905,0.30694,-0.30602,-0.94922,0.14372,-0.30525,-0.66724,0.14361,-0.21239,-0.8026,0.30694,0.43612,-0.8026,0.52293,0.43612,0.81589,1.45493,-0.42885,0.26521,1.45428,-0.23494,0.80733,0.52294,0.43611,0.80733,0.30694,0.43611,-0.88001,1.4547,-0.76011,-0.8112,1.45492,-0.42871,-0.26072,1.45428,-0.23493,-0.56388,0.4735,0.91391,-0.56388,-0.01329,1.92343,-0.39825,-0.01332,1.92343,-0.39825,0.47366,0.91391,0.40372,-0.34961,1.95526,0.40372,-0.19094,1.9932,-0.29372,-0.19094,1.9932,-0.29372,-0.34961,1.95526],"index":[2,1,6,2,6,6,9,10,6,9,6,8,7,8,6,7,6,1,2,3,0,2,0,1,2,5,4,2,4,3,13,14,11,13,11,12,29,30,26,29,26,27,27,28,23,27,23,22,19,20,16,19,16,15,28,27,26,28,26,25,24,25,26,24,26,21,19,15,17,19,17,17,16,18,17,16,17,15,23,24,21,23,21,22,18,16,20,18,20,20,39,40,38,39,38,37,41,40,39,41,39,32,31,42,41,31,41,32,33,34,31,33,31,32,33,32,35,33,35,36,37,38,36,37,36,35,56,53,44,56,44,50,54,55,51,54,51,51,52,58,57,52,57,43,57,60,49,57,49,43,52,59,58,52,58,58,43,49,50,43,50,44,47,48,45,47,45,46,50,49,46,50,46,45,53,54,51,53,51,44,44,51,52,44,52,43,85,86,83,85,83,84,81,82,77,81,77,80,79,80,77,79,77,69,83,86,89,83,89,87,61,88,83,61,83,83,83,87,62,83,62,61,77,78,73,77,73,69,62,67,68,62,68,63,65,66,61,65,61,64,63,64,61,63,61,62,73,75,76,73,76,74,73,74,70,73,70,69,71,72,69,71,69,70,104,105,102,104,102,103,100,107,106,100,106,101,110,111,108,110,108,109,99,100,101,99,101,101,90,91,92,90,92,93,94,93,92,94,92,92,97,98,95,97,95,96,141,130,112,141,112,115,143,144,132,143,132,130,130,141,142,130,142,129,137,136,113,137,113,124,113,136,127,113,127,127,146,145,113,146,113,127,147,146,127,147,127,126,145,121,113,145,113,113,112,132,131,112,131,118,132,112,130,132,130,130,139,140,127,139,127,136,121,122,120,121,120,113,120,123,124,120,124,113,118,119,117,118,117,112,112,116,114,112,114,115,117,116,112,117,112,112,133,134,131,133,131,132,137,138,135,137,135,136,128,130,129,128,129,129,125,126,127,125,127,127,125,128,129,125,129,126,150,151,148,150,148,149,154,155,152,154,152,153],"groups":[{"start":0,"count":30,"material":0},{"start":30,"count":6,"material":1},{"start":36,"count":54,"material":2},{"start":90,"count":36,"material":3},{"start":126,"count":60,"material":4},{"start":186,"count":78,"material":2},{"start":264,"count":42,"material":4},{"start":306,"count":126,"material":4},{"start":432,"count":6,"material":5},{"start":438,"count":6,"material":6}],"materials":[{"type":"armor","value":8},{"type":"armor","value":0},{"type":"armor","value":15},{"type":"armor","value":11},{"type":"armor","value":10},{"type":"armor","value":16},{"type":"armor","value":20}]},