{"version":4,"geometry":{"hull":{"position":[0.14678,0.24891,0.78396,0.14677,0.52344,0.17145,0.84158,0.52344,0.17145,0.84155,0.19366,0.17176,0.16966,0.19366,0.17176,0.14677,0.19366,0.59334,0.14677,0.52344,0.69463,0.84158,0.52344,0.69463,0.84157,0.24891,0.78396,0.14677,0.10484,1.07666,0.84159,0.10484,1.07666,-0.83823,-0.34123,1.96132,-0.83823,-0.57394,1.65594,0.84157,-0.57394,1.65594,0.84157,-0.34123,1.96132,-0.83822,-0.06654,2.00929,0.84157,-0.06654,2.00929,-0.83822,-0.06654,2.00929,0.14677,0.10484,1.07666,0.14677,0.19366,0.59334,-0.83935,0.19366,0.59334,0.84157,-0.06654,2.00929,0.84159,0.10484,1.07666,-0.83935,0.19366,0.59334,-0.83823,0.04002,-1.67358,-0.83823,-0.57395,-1.43363,-0.83823,-0.57394,1.65594,-0.83823,-0.03181,-2.08088,-0.83823,-0.51309,-2.01237,-0.83921,0.19366,-1.67358,0.84157,-0.57395,-1.43363,0.84155,0.19366,0.17176,0.84157,-0.57394,1.65594,0.84157,0.04005,-1.67358,0.84155,0.19366,-1.67358,0.84157,-0.51309,-2.01237,0.84157,-0.0318,-2.08088,0.84159,0.10484,1.07666,0.84157,0.24891,0.78396,0.84157,-0.06654,2.00929,0.84157,-0.34123,1.96132,-0.83823,-0.34123,1.96132,-0.83822,-0.06654,2.00929,0.84157,0.04005,-1.67358,0.84157,-0.0318,-2.08088,-0.83823,-0.03181,-2.08088,-0.83823,0.04002,-1.67358,0.84155,0.19366,-1.67358,-0.83921,0.19366,-1.67358,-0.16108,0.19358,-1.0097,0.16442,0.19358,-1.0097,-0.83935,0.19366,0.59334,0.16966,0.19366,0.17176,-0.16106,0.19374,-0.81817,0.84155,0.19366,0.17176,0.1644,0.19374,-0.81817,0.14677,0.19366,0.59334,0.14677,0.52344,0.69463,0.84158,0.52344,0.69463,0.84158,0.52344,0.17145,0.14677,0.52344,0.17145,-0.83823,-0.51309,-2.01237,-0.83823,-0.03181,-2.08088,0.84157,-0.0318,-2.08088,0.84157,-0.51309,-2.01237,0.84157,-0.51309,-2.01237,0.84157,-0.57395,-1.43362,-0.83823,-0.57395,-1.43362,-0.83823,-0.51309,-2.01237,0.84157,-0.57394,1.65594,-0.83823,-0.57394,1.65594,0.12224,0.63623,-0.81817,-0.1189,0.63623,-0.81817,-0.1189,0.63623,-1.0097,0.12224,0.63623,-1.0097,-0.16106,0.19374,-0.81817,0.1644,0.19374,-0.81817,-0.16108,0.19358,-1.0097,0.16442,0.19358,-1.0097],"index":[9,10,8,9,8,0,8,7,6,8,6,0,0,6,5,0,5,9,3,4,1,3,1,2,1,4,5,1,5,6,7,8,3,7,3,2,14,16,15,14,15,11,13,14,11,13,11,12,21,22,18,21,18,17,19,20,17,19,17,18,31,38,37,31,37,32,35,36,33,35,33,30,41,42,23,41,23,26,37,39,40,37,40,32,33,34,31,33,31,30,24,27,28,24,28,25,25,26,23,25,23,24,30,31,32,30,32,32,29,24,23,29,23,23,55,52,54,55,54,50,47,50,54,47,54,54,55,53,52,55,52,52,59,60,57,59,57,58,56,52,51,56,51,51,46,48,47,46,47,43,45,46,43,45,43,44,49,50,47,49,47,48,48,53,49,48,49,49,52,53,48,52,48,51,63,64,61,63,61,62,66,69,70,66,70,67,67,68,65,67,65,66,78,77,73,78,73,74,74,73,72,74,72,71,76,78,74,76,74,71,75,76,71,75,71,72,77,75,72,77,72,73],"groups":[{"start":0,"count":36,"material":0},{"start":36,"count":12,"material":0},{"start":48,"count":12,"material":1},{"start":60,"count":54,"material":0},{"start":114,"count":60,"material":2},{"start":174,"count":6,"material":0},{"start":180,"count":12,"material":2},{"start":192,"count":30,"material":3}],"materials":[{"type":"armor","value":15},{"type":"armor","value":7},{"type":"armor","value":6},{"type":"armor","value":10}]},"chassis":{"position":[1.1625,0.62808,-1.57437,1.1625,0.86333,-2.04456,1.1625,1.15205,1.87807,1.1625,0.89485,1.52978,0.89089,0.62808,-1.57437,0.89089,0.89485,1.52978,0.89089,0.86333,-2.04456,0.89089,1.15205,1.87807,1.1625,0.36413,0.38477,0.89089,0.36413,0.38477,0.89089,0.60839,0.92027,1.1625,0.60839,0.92027,0.89089,0.36413,1.32516,1.1625,0.36413,1.32516,1.1625,0.34274,-0.31181,0.89089,0.34274,-0.31181,1.1625,0.5825,-0.86908,0.89089,0.5825,-0.86908,0.89594,-0,1.41659,1.1625,-0,1.41659,1.1625,-0,-1.30009,0.89594,-0,-1.30009,0.89089,0.30841,-1.59178,1.1625,0.30841,-1.59178,1.1625,0.17616,-2.04892,0.89594,0.17616,-2.04892,0.89089,0.37595,-2.24483,1.1625,0.37595,-2.24483,1.1625,0.66129,-2.24483,0.89089,0.66129,-2.24483,1.1625,0.43786,2.01739,0.89089,0.43786,2.01739,0.89089,0.39677,1.7257,1.1625,0.39677,1.7257,1.1625,1.05525,2.0827,0.89089,1.05525,2.0827,0.89089,0.92693,2.20895,1.1625,0.92693,2.20895,1.1625,0.64834,2.20895,0.89089,0.64834,2.20895,-1.1625,0.62808,-1.57437,-1.1625,0.89485,1.52978,-1.1625,1.15205,1.87807,-1.1625,0.86333,-2.04456,-0.89089,0.62808,-1.57437,-0.89089,0.89485,1.52978,-0.89089,1.15205,1.87807,-0.89089,0.86333,-2.04456,-0.89089,0.60839,0.92027,-0.89089,0.36413,0.38477,-1.1625,0.36413,0.38477,-1.1625,0.60839,0.92027,-0.89089,0.36413,1.32516,-1.1625,0.36413,1.32516,-1.1625,0.34274,-0.31181,-0.89089,0.34274,-0.31181,-0.89089,0.5825,-0.86908,-1.1625,0.5825,-0.86908,-0.89594,-0,1.41659,-1.1625,-0,-1.30009,-1.1625,-0,1.41659,-0.89594,-0,-1.30009,-0.89089,0.30841,-1.59178,-1.1625,0.30841,-1.59178,-1.1625,0.17616,-2.04892,-0.89594,0.17616,-2.04892,-1.1625,0.37595,-2.24483,-0.89089,0.37595,-2.24483,-1.1625,0.66129,-2.24483,-0.89089,0.66129,-2.24483,-1.1625,0.43786,2.01739,-0.89089,0.43786,2.01739,-1.1625,0.39677,1.7257,-0.89089,0.39677,1.7257,-0.89089,0.64834,2.20895,-0.89089,0.92693,2.20895,-1.1625,0.92693,2.20895,-1.1625,0.64834,2.20895,-1.1625,1.05525,2.0827,-0.89089,1.05525,2.0827],"index":[30,31,18,30,18,19,1,28,29,1,29,6,32,12,18,32,18,31,33,32,5,33,5,3,19,13,33,19,33,30,25,26,27,25,27,24,0,23,24,0,24,1,26,29,28,26,28,27,29,26,25,29,25,6,24,27,28,24,28,1,32,33,13,32,13,12,32,39,36,32,36,5,39,32,31,39,31,31,5,36,35,5,35,7,2,34,38,2,38,30,30,33,3,30,3,2,34,37,38,34,38,38,36,37,34,36,34,35,39,38,37,39,37,36,38,39,31,38,31,30,7,35,34,7,34,2,8,11,13,8,13,14,12,13,11,12,11,10,16,17,15,16,15,14,18,12,10,18,10,9,14,15,9,14,9,8,3,5,4,3,4,0,2,3,0,2,0,1,6,7,2,6,2,1,10,11,8,10,8,9,7,6,4,7,4,5,13,19,20,13,20,14,22,25,21,22,21,21,24,23,20,24,20,20,23,22,17,23,17,16,25,22,4,25,4,6,22,23,0,22,0,4,21,18,9,21,9,15,18,21,20,18,20,19,17,22,21,17,21,15,21,25,24,21,24,20,20,23,16,20,16,14,58,71,70,58,70,60,69,68,43,69,43,47,72,53,60,72,60,70,45,73,72,45,72,41,58,52,73,58,73,71,66,67,65,66,65,64,64,63,40,64,40,43,68,69,67,68,67,66,65,67,69,65,69,47,68,66,64,68,64,43,53,72,73,53,73,52,75,74,73,75,73,45,74,71,73,74,73,73,79,75,45,79,45,46,77,78,42,77,42,70,41,72,70,41,70,42,78,77,76,78,76,76,76,77,74,76,74,75,75,79,78,75,78,76,71,74,77,71,77,70,78,79,46,78,46,42,53,51,50,53,50,54,51,53,52,51,52,48,55,56,57,55,57,54,48,52,58,48,58,49,49,55,54,49,54,50,44,45,41,44,41,40,42,43,40,42,40,41,42,46,47,42,47,43,50,51,48,50,48,49,44,47,46,44,46,45,59,60,53,59,53,54,62,61,65,62,65,65,64,59,63,64,63,63,56,62,63,56,63,57,44,62,65,44,65,47,40,63,62,40,62,44,49,58,61,49,61,55,59,61,58,59,58,60,61,62,56,61,56,55,64,65,61,64,61,59,57,63,59,57,59,54],"groups":[{"start":0,"count":252,"material":0},{"start":252,"count":252,"material":0}],"materials":[{"type":"track","value":10}]},"turret_01":{"position":[0.6946,1.28992,-0.90237,-0.7032,1.28992,-0.90237,-0.7032,1.33492,-0.34413,0.6946,1.33492,-0.34413,0.65885,-0.01732,0.46518,0.74485,-0.01732,-0.34413,0.65885,1.28893,0.07952,0.73388,0.27631,-0.34413,0.6946,1.33492,-0.34413,-0.66745,-0.01732,0.46518,-0.66745,1.28893,0.07952,-0.75345,-0.01732,-0.34413,-0.7032,1.33492,-0.34413,-0.74249,0.27631,-0.34413,-0.7032,1.28992,-0.90237,-0.74054,0.27631,-0.95128,0.73193,0.27631,-0.95128,0.6946,1.28992,-0.90237,-0.66745,1.28893,0.07952,0.65885,1.28893,0.07952,0.6946,1.33492,-0.34413,-0.7032,1.33492,-0.34413,-0.10555,0.29447,0.37313,-0.12975,0.77864,0.23018,-0.29437,0.77864,0.23018,-0.66745,-0.01732,0.46518,-0.10555,1.18051,0.11154,-0.12975,1.20149,0.10534,-0.66745,1.28893,0.07952,-0.29437,1.20149,0.10534,0.65885,-0.01732,0.46518,0.1091,0.29447,0.37313,0.65885,1.28893,0.07952,0.1091,1.18051,0.11154,-0.29437,0.77864,0.23018,-0.12975,0.77864,0.23018,-0.12975,1.20149,0.10534,-0.29437,1.20149,0.10534,-0.10555,1.18051,0.11154,-0.10555,0.29447,0.37313,0.1091,0.29447,0.37313,0.1091,1.18051,0.11154],"index":[2,3,0,2,0,1,13,11,10,13,10,12,14,15,13,14,13,12,7,16,17,7,17,8,4,5,6,4,6,6,6,5,7,6,7,8,9,10,11,9,11,11,20,21,18,20,18,19,32,28,33,32,33,33,32,33,31,32,31,30,33,27,26,33,26,26,28,29,27,28,27,33,26,27,23,26,23,22,24,25,22,24,22,23,30,31,22,30,22,25,24,29,28,24,28,25,40,41,38,40,38,39,36,37,34,36,34,35],